codigo_cnae,descricao_cnae,observacoes_cnae,legislacao_id,risco_cnae 
0111-3/01,Cultivo de arroz,,2,2
0111-3/02,Cultivo de milho,,2,2
0111-3/03,Cultivo de trigo,,2,2
0111-3/99,Cultivo de outros cereais não especificados anteriormente,,2,2
0112-1/01,Cultivo de algodão herbáceo,,2,2
0112-1/02,Cultivo de juta,,2,2
0112-1/99,Cultivo de outras fibras de lavoura temporária não especificadas anteriormente,,2,2
0113-0/00,Cultivo de cana-de-açúcar,,2,2
0114-8/00,Cultivo de fumo,,2,2
0115-6/00,Cultivo de soja,,2,2
0116-4/01,Cultivo de amendoim,,2,2
0116-4/02,Cultivo de girassol,,2,2
0116-4/03,Cultivo de mamona,,2,2
0116-4/99,Cultivo de outras oleaginosas de lavoura temporária não especificadas anteriormente,,2,2
0119-9/01,Cultivo de abacaxi,,2,2
0119-9/02,Cultivo de alho,,2,2
0119-9/03,Cultivo de batata-inglesa,,2,2
0119-9/04,Cultivo de cebola,,2,2
0119-9/05,Cultivo de feijão,,2,2
0119-9/06,Cultivo de mandioca,,2,2
0119-9/07,Cultivo de melão,,2,2
0119-9/08,Cultivo de melancia,,2,2
0119-9/09,Cultivo de tomate rasteiro,,2,2
0119-9/99,Cultivo de outras plantas de lavoura temporária não especificadas anteriormente,,2,2
0121-1/01,"Horticultura, exceto morango",,2,2
0121-1/02,Cultivo de morango,,2,2
0122-9/00,Cultivo de flores e plantas ornamentais,,2,2
0131-8/00,Cultivo de laranja,,2,2
0132-6/00,Cultivo de uva,,2,2
0133-4/01,Cultivo de açaí,,2,2
0133-4/02,Cultivo de banana,,2,2
0133-4/03,Cultivo de caju,,2,2
0133-4/04,"Cultivo de cítricos, exceto laranja",,2,2
0133-4/05,Cultivo de coco-da-baía,,2,2
0133-4/06,Cultivo de guaraná,,2,2
0133-4/07,Cultivo de maçã,,2,2
0133-4/08,Cultivo de mamão,,2,2
0133-4/09,Cultivo de maracujá,,2,2
0133-4/10,Cultivo de manga,,2,2
0133-4/11,Cultivo de pêssego,,2,2
0133-4/99,Cultivo de frutas de lavoura permanente não especificadas anteriormente,,2,2
0134-2/00,Cultivo de café,,2,2
0135-1/00,Cultivo de cacau,,2,2
0139-3/01,Cultivo de chá-da-índia,,2,2
0139-3/02,Cultivo de erva-mate,,2,2
0139-3/03,Cultivo de pimenta-do-reino,,2,2
0139-3/04,"Cultivo de plantas para condimento, exceto pimenta-do-reino",,2,2
0139-3/05,Cultivo de dendê,,2,2
0139-3/06,Cultivo de seringueira,,2,2
0139-3/99,Cultivo de outras plantas de lavoura permanente não especificadas anteriormente,,2,2
0141-5/01,"Produção de sementes certificadas, exceto de forrageiras para pasto",,2,2
0141-5/02,Produção de sementes certificadas de forrageiras para formação de pasto,,2,2
0142-3/00,"Produção de mudas e outras formas de propagação vegetal, certificadas",,2,2
0151-2/01,Criação de bovinos para corte,,2,2
0151-2/02,Criação de bovinos para leite,,2,2
0151-2/03,"Criação de bovinos, exceto para corte e leite",,2,2
0152-1/01,Criação de bufalinos,,2,2
0152-1/02,Criação de equinos,,2,2
0152-1/03,Criação de asininos e muares,,2,2
0153-9/01,Criação de caprinos,,2,2
0153-9/02,"Criação de ovinos, inclusive para produção de lã",,2,2
0154-7/00,Criação de suínos,,2,2
0155-5/01,Criação de frangos para corte,,2,2
0155-5/02,Produção de pintos de um dia,,2,2
0155-5/03,"Criação de outros galináceos, exceto para corte",,2,2
0155-5/04,"Criação de aves, exceto galináceos",,2,2
0155-5/05,Produção de ovos,,2,2
0159-8/01,Apicultura,,2,2
0159-8/02,Criação de animais de estimação,,2,2
0159-8/03,Criação de escargô,,2,2
0159-8/04,Criação de bicho-da-seda,,2,2
0159-8/99,Criação de outros animais não especificados anteriormente,,2,2
0161-0/01,Serviço de pulverização e controle de pragas agrícolas,,2,2
0161-0/02,Serviço de poda de árvores para lavouras,,2,2
0161-0/03,"Serviço de preparação de terreno, cultivo e colheita",,2,2
0161-0/99,Atividades de apoio à agricultura não especificadas anteriormente,,2,2
0162-8/01,Serviço de inseminação artificial em animais,,2,2
0162-8/02,Serviço de tosquiamento de ovinos,,2,2
0162-8/03,Serviço de manejo de animais,,2,2
0162-8/99,Atividades de apoio à pecuária não especificadas anteriormente,,2,2
0163-6/00,Atividades de pós-colheita,,2,2
0170-9/00,Caça e serviços relacionados,,2,2
0210-1/01,Cultivo de eucalipto,,2,2
0210-1/02,Cultivo de acácia-negra,,2,2
0210-1/03,Cultivo de pinus,,2,2
0210-1/04,Cultivo de teca,,2,2
0210-1/05,"Cultivo de espécies madeireiras, exceto eucalipto, acácia-negra, pinus e teca",,2,2
0210-1/06,Cultivo de mudas em viveiros florestais,,2,2
0210-1/07,Extração de madeira em florestas plantadas,,2,2
0210-1/08,Produção de carvão vegetal - florestas plantadas,,2,2
0210-1/09,Produção de casca de acácia-negra - florestas plantadas,,2,2
0210-1/99,Produção de produtos não madeireiros não especificados anteriormente em florestas plantadas,,2,2
0220-9/01,Extração de madeira em florestas nativas,,2,2
0220-9/02,Produção de carvão vegetal - florestas nativas,,2,2
0220-9/03,Coleta de castanha-do-pará em florestas nativas,,2,2
0220-9/04,Coleta de látex em florestas nativas,,2,2
0220-9/05,Coleta de palmito em florestas nativas,,2,2
0220-9/06,Conservação de florestas nativas,,2,2
0220-9/99,Coleta de produtos não madeireiros não especificados anteriormente em florestas nativas,,2,2
0230-6/00,Atividades de apoio à produção florestal,,2,2
0311-6/01,Pesca de peixes em água salgada,,2,2
0311-6/02,Pesca de crustáceos e moluscos em água salgada,,2,2
0311-6/03,Coleta de outros produtos marinhos,,2,2
0311-6/04,Atividades de apoio à pesca em água salgada,,2,2
0312-4/01,Pesca de peixes em água doce,,2,2
0312-4/02,Pesca de crustáceos e moluscos em água doce,,2,2
0312-4/03,Coleta de outros produtos aquáticos de água doce,,2,2
0312-4/04,Atividades de apoio à pesca em água doce,,2,2
0321-3/01,Criação de peixes em água salgada e salobra,,2,2
0321-3/02,Criação de camarões em água salgada e salobra,,2,2
0321-3/03,Criação de ostras e mexilhões em água salgada e salobra,,2,2
0321-3/04,Criação de peixes ornamentais em água salgada e salobra,,2,2
0321-3/05,Atividades de apoio à aquicultura em água salgada e salobra,,2,2
0321-3/99,Cultivos e semicultivos da aquicultura em água salgada e salobra não especificados anteriormente,,2,2
0322-1/01,Criação de peixes em água doce,,2,2
0322-1/02,Criação de camarões em água doce,,2,2
0322-1/03,Criação de ostras e mexilhões em água doce,,2,2
0322-1/04,Criação de peixes ornamentais em água doce,,2,2
0322-1/05,Ranicultura,,2,2
0322-1/06,Criação de jacaré,,2,2
0322-1/07,Atividades de apoio à aquicultura em água doce,,2,2
0322-1/99,Cultivos e semicultivos da aquicultura em água doce não especificados anteriormente,,2,2
0500-3/01,Extração de carvão mineral,,2,2
0500-3/02,Beneficiamento de carvão mineral,,2,2
0600-0/01,Extração de petróleo e gás natural,,2,2
0600-0/02,Extração e beneficiamento de xisto,,2,2
0600-0/03,Extração e beneficiamento de areias betuminosas,,2,2
0710-3/01,Extração de minério de ferro,,2,2
0710-3/02,"Pelotização, sinterização e outros beneficiamentos de minério de ferro",,2,2
0721-9/01,Extração de minério de alumínio,,2,2
0721-9/02,Beneficiamento de minério de alumínio,,2,2
0722-7/01,Extração de minério de estanho,,2,2
0722-7/02,Beneficiamento de minério de estanho,,2,2
0723-5/01,Extração de minério de manganês,,2,2
0723-5/02,Beneficiamento de minério de manganês,,2,2
0724-3/01,Extração de minério de metais preciosos,,2,2
0724-3/02,Beneficiamento de minério de metais preciosos,,2,2
0725-1/00,Extração de minerais radioativos,,2,2
0729-4/01,Extração de minérios de nióbio e titânio,,2,2
0729-4/02,Extração de minério de tungstênio,,2,2
0729-4/03,Extração de minério de níquel,,2,2
0729-4/04,"Extração de minérios de cobre, chumbo, zinco e outros minerais metálicos não ferrosos não especificados anteriormente",,2,2
0729-4/05,"Beneficiamento de minérios de cobre, chumbo, zinco e outros minerais metálicos não ferrosos não especificados anteriormente",,2,2
0810-0/01,Extração de ardósia e beneficiamento associado,,2,2
0810-0/02,Extração de granito e beneficiamento associado,,2,2
0810-0/03,Extração de mármore e beneficiamento associado,,2,2
0810-0/04,Extração de calcário e dolomita e beneficiamento associado,,2,2
0810-0/05,Extração de gesso e caulim,,2,2
0810-0/06,"Extração de areia, cascalho ou pedregulho e beneficiamento associado",,2,2
0810-0/07,Extração de argila e beneficiamento associado,,2,2
0810-0/08,Extração de saibro e beneficiamento associado,,2,2
0810-0/09,Extração de basalto e beneficiamento associado,,2,2
0810-0/10,Beneficiamento de gesso e caulim associado à extração,,2,2
0810-0/99,Extração e britamento de pedras e outros materiais para construção e beneficiamento associado,,2,2
0891-6/00,"Extração de minerais para fabricação de adubos, fertilizantes e outros produtos químicos",,2,2
0892-4/01,Extração de sal marinho,,2,2
0892-4/02,Extração de sal-gema,,2,2
0892-4/03,Refino e outros tratamentos do sal,,2,2
0893-2/00,Extração de gemas (pedras preciosas e semipreciosas),,2,2
0899-1/01,Extração de grafita,,2,2
0899-1/02,Extração de quartzo,,2,2
0899-1/03,Extração de amianto,,2,2
0899-1/99,Extração de outros minerais não metálicos não especificados anteriormente,,2,2
0910-6/00,Atividades de apoio à extração de petróleo e gás natural,,2,2
0990-4/01,Atividades de apoio à extração de minério de ferro,,2,2
0990-4/02,Atividades de apoio à extração de minerais metálicos não ferrosos,,2,2
0990-4/03,Atividades de apoio à extração de minerais não metálicos,,2,2
1011-2/01,Frigorífico - abate de bovinos,,2,2
1011-2/02,Frigorífico - abate de equinos,,2,2
1011-2/03,Frigorífico - abate de ovinos e caprinos,,2,2
1011-2/04,Frigorífico - abate de bufalinos,,2,2
1011-2/05,"Matadouro - abate de reses sob contrato, exceto abate de suínos",,2,2
1012-1/01,Abate de aves,,2,2
1012-1/02,Abate de pequenos animais,,2,2
1012-1/03,Frigorífico - abate de suínos,,2,2
1012-1/04,Matadouro - abate de suínos sob contrato,,2,2
1013-9/01,Fabricação de produtos de carne,,2,2
1013-9/02,Preparação de subprodutos do abate,,2,2
1020-1/01,"Preservação de peixes, crustáceos e moluscos",,2,2
1020-1/02,"Fabricação de conservas de peixes, crustáceos e moluscos",,2,2
1031-7/00,Fabricação de conservas de frutas,,2,2
1032-5/01,Fabricação de conservas de palmito,,2,2
1032-5/99,"Fabricação de conservas de legumes e outros vegetais, exceto palmito",,2,2
1033-3/01,"Fabricação de sucos concentrados de frutas, hortaliças e legumes",,2,2
1033-3/02,"Fabricação de sucos de frutas, hortaliças e legumes, exceto concentrados",,2,2
1041-4/00,"Fabricação de óleos vegetais em bruto, exceto óleo de milho",,2,2
1042-2/00,"Fabricação de óleos vegetais refinados, exceto óleo de milho",,2,2
1043-1/00,Fabricação de margarina e outras gorduras vegetais e de óleos não comestíveis de animais,,2,2
1051-1/00,Preparação do leite,,2,2
1052-0/00,Fabricação de laticínios,,2,2
1053-8/00,Fabricação de sorvetes e outros gelados comestíveis,,2,2
1061-9/01,Beneficiamento de arroz,,2,2
1061-9/02,Fabricação de produtos do arroz,,2,2
1062-7/00,Moagem de trigo e fabricação de derivados,,2,2
1063-5/00,Fabricação de farinha de mandioca e derivados,,2,2
1064-3/00,"Fabricação de farinha de milho e derivados, exceto óleos de milho",,2,2
1065-1/01,Fabricação de amidos e féculas de vegetais,,2,2
1065-1/02,Fabricação de óleo de milho em bruto,,2,2
1065-1/03,Fabricação de óleo de milho refinado,,2,2
1066-0/00,Fabricação de alimentos para animais,,2,2
1069-4/00,Moagem e fabricação de produtos de origem vegetal não especificados anteriormente,,2,2
1071-6/00,Fabricação de açúcar em bruto,,2,2
1072-4/01,Fabricação de açúcar de cana refinado,,2,2
1072-4/02,Fabricação de açúcar de cereais (dextrose) e de beterraba,,2,2
1081-3/01,Beneficiamento de café,,2,2
1081-3/02,Torrefação e moagem de café,,2,2
1082-1/00,Fabricação de produtos à base de café,,2,2
1091-1/01,Fabricação de produtos de panificação industrial,,2,2
1091-1/02,Fabricação de produtos de padaria e confeitaria com predominância de produção própria,,2,2
1092-9/00,Fabricação de biscoitos e bolachas,,2,2
1093-7/01,Fabricação de produtos derivados do cacau e de chocolates,,2,2
1093-7/02,"Fabricação de frutas cristalizadas, balas e semelhantes",,2,2
1094-5/00,Fabricação de massas alimentícias,,2,2
1095-3/00,"Fabricação de especiarias, molhos, temperos e condimentos",,2,2
1096-1/00,Fabricação de alimentos e pratos prontos,,2,2
1099-6/01,Fabricação de vinagres,,2,2
1099-6/02,Fabricação de pós-alimentícios,,2,2
1099-6/03,Fabricação de fermentos e leveduras,,2,2
1099-6/04,Fabricação de gelo comum,,2,2
1099-6/05,"Fabricação de produtos para infusão (chá, mate, etc.)",,2,2
1099-6/06,Fabricação de adoçantes naturais e artificiais,,2,2
1099-6/07,Fabricação de alimentos dietéticos e complementos alimentares,,2,2
1099-6/99,Fabricação de outros produtos alimentícios não especificados anteriormente,,2,2
1111-9/01,Fabricação de aguardente de cana-de-açúcar,,2,2
1111-9/02,Fabricação de outras aguardentes e bebidas destiladas,,2,2
1112-7/00,Fabricação de vinho,,2,2
1113-5/01,"Fabricação de malte, inclusive malte uísque",,2,2
1113-5/02,Fabricação de cervejas e chopes,,2,2
1121-6/00,Fabricação de águas envasadas,,2,2
1122-4/01,Fabricação de refrigerantes,,2,2
1122-4/02,Fabricação de chá mate e outros chás prontos para consumo,,2,2
1122-4/03,"Fabricação de refrescos, xaropes e pós para refrescos, exceto refrescos de frutas",,2,2
1122-4/04,Fabricação de bebidas isotônicas,,2,2
1122-4/99,Fabricação de outras bebidas não alcoólicas não especificadas anteriormente,,2,2
1210-7/00,Processamento industrial do fumo,,2,2
1220-4/01,Fabricação de cigarros,,2,2
1220-4/02,Fabricação de cigarrilhas e charutos,,2,2
1220-4/03,Fabricação de filtros para cigarros,,2,2
1220-4/99,"Fabricação de outros produtos do fumo, exceto cigarros, cigarrilhas e charutos",,2,2
1311-1/00,Preparação e fiação de fibras de algodão,,2,2
1312-0/00,"Preparação e fiação de fibras têxteis naturais, exceto algodão",,2,2
1313-8/00,Fiação de fibras artificiais e sintéticas,,2,2
1314-6/00,Fabricação de linhas para costurar e bordar,,2,2
1321-9/00,Tecelagem de fios de algodão,,2,2
1322-7/00,"Tecelagem de fios de fibras têxteis naturais, exceto algodão",,2,2
1323-5/00,Tecelagem de fios de fibras artificiais e sintéticas,,2,2
1330-8/00,Fabricação de tecidos de malha,,2,2
1340-5/01,"Estamparia e texturização em fios, tecidos, artefatos têxteis e peças do vestuário",,2,2
1340-5/02,"Alvejamento, tingimento e torção em fios, tecidos, artefatos têxteis e peças do vestuário",,2,2
1340-5/99,"Outros serviços de acabamento em fios, tecidos, artefatos têxteis e peças do vestuário",,2,2
1351-1/00,Fabricação de artefatos têxteis para uso doméstico,,2,2
1352-9/00,Fabricação de artefatos de tapeçaria,,2,2
1353-7/00,Fabricação de artefatos de cordoaria,,2,2
1354-5/00,"Fabricação de tecidos especiais, inclusive artefatos",,2,2
1359-6/00,Fabricação de outros produtos têxteis não especificados anteriormente,,2,2
1411-8/01,Confecção de roupas íntimas,,2,2
1411-8/02,Facção de roupas íntimas,,2,2
1412-6/01,"Confecção de peças do vestuário, exceto roupas íntimas e as confeccionadas sob medida",,2,2
1412-6/02,"Confecção, sob medida, de peças do vestuário, exceto roupas íntimas",,2,2
1412-6/03,"Facção de peças do vestuário, exceto roupas íntimas",,2,2
1413-4/01,"Confecção de roupas profissionais, exceto sob medida",,2,2
1413-4/02,"Confecção, sob medida, de roupas profissionais",,2,2
1413-4/03,Facção de roupas profissionais,,2,2
1414-2/00,"Fabricação de acessórios do vestuário, exceto para segurança e proteção",,2,2
1421-5/00,Fabricação de meias,,2,2
1422-3/00,"Fabricação de artigos do vestuário, produzidos em malharias e tricotagens, exceto meias",,2,2
1510-6/00,Curtimento e outras preparações de couro,,2,2
1521-1/00,"Fabricação de artigos para viagem, bolsas e semelhantes de qualquer material",,2,2
1529-7/00,Fabricação de artefatos de couro não especificados anteriormente,,2,2
1531-9/01,Fabricação de calçados de couro,,2,2
1531-9/02,Acabamento de calçados de couro sob contrato,,2,2
1532-7/00,Fabricação de tênis de qualquer material,,2,2
1533-5/00,Fabricação de calçados de material sintético,,2,2
1539-4/00,"Fabricação de calçados de materiais não especificados
anteriormente",,2,2
1540-8/00,"Fabricação de partes para calçados, de qualquer material",,2,2
1610-2/03,Serrarias com desdobramento de madeira em bruto,,2,2
1610-2/04,Serrarias sem desdobramento de madeira em bruto - Resseragem,,2,2
1610-2/05,Serviço de tratamento de madeira realizado sob contrato,,2,2
1621-8/00,"Fabricação de madeira laminada e de chapas de madeira compensada, prensada e aglomerada",,2,2
1622-6/01,Fabricação de casas de madeira pré-fabricadas,,2,2
1622-6/02,Fabricação de esquadrias de madeira e de peças de madeira para instalações industriais e comerciais,,2,2
1622-6/99,Fabricação de outros artigos de carpintaria para construção,,2,2
1623-4/00,Fabricação de artefatos de tanoaria e de embalagens de madeira,,2,2
1629-3/01,"Fabricação de artefatos diversos de madeira, exceto móveis",,2,2
1629-3/02,"Fabricação de artefatos diversos de cortiça, bambu, palha, vime e outros materiais trançados, exceto móveis",,2,2
1710-9/00,Fabricação de celulose e outras pastas para a fabricação de papel,,2,2
1721-4/00,Fabricação de papel,,2,2
1722-2/00,Fabricação de cartolina e papel-cartão,,2,2
1731-1/00,Fabricação de embalagens de papel,,2,2
1732-0/00,Fabricação de embalagens de cartolina e papel-cartão,,2,2
1733-8/00,Fabricação de chapas e de embalagens de papelão ondulado,,2,2
1741-9/01,Fabricação de formulários contínuos,,2,2
1741-9/02,"Fabricação de produtos de papel, cartolina, papel-cartão e papelão ondulado para uso comercial e de escritório",,2,2
1742-7/01,Fabricação de fraldas descartáveis,,2,2
1742-7/02,Fabricação de absorventes higiênicos,,2,2
1742-7/99,Fabricação de produtos de papel para uso doméstico e higiênico-sanitário não especificados anteriormente,,2,2
1749-4/00,"Fabricação de produtos de pastas celulósicas, papel, cartolina, papel-cartão e papelão ondulado não especificados anteriormente",,2,2
1811-3/01,Impressão de jornais,,2,2
1811-3/02,"Impressão de livros, revistas e outras publicações periódicas",,2,2
1812-1/00,Impressão de material de segurança,,2,2
1813-0/01,Impressão de material para uso publicitário,,2,2
1813-0/99,Impressão de material para outros usos,,2,2
1821-1/00,Serviços de pré-impressão,,2,2
1822-9/01,Serviços de encadernação e plastificação,,2,2
1822-9/99,"Serviços de acabamentos gráficos, exceto encadernação e plastificação",,2,2
1830-0/01,Reprodução de som em qualquer suporte,,2,2
1830-0/02,Reprodução de vídeo em qualquer suporte,,2,2
1830-0/03,Reprodução de software em qualquer suporte,,2,2
1910-1/00,Coquerias,,2,2
1921-7/00,Fabricação de produtos do refino de petróleo,,2,2
1922-5/01,Formulação de combustíveis,,2,2
1922-5/02,Rerrefino de óleos lubrificantes,,2,2
1922-5/99,"Fabricação de outros produtos derivados do petróleo, exceto produtos do refino",,2,2
1931-4/00,Fabricação de álcool,,2,2
1932-2/00,"Fabricação de biocombustíveis, exceto álcool",,2,2
2011-8/00,Fabricação de cloro e álcalis,,2,2
2012-6/00,Fabricação de intermediários para fertilizantes,,2,2
2013-4/01,Fabricação de adubos e fertilizantes organo-minerais,,2,2
2013-4/02,"Fabricação de adubos e fertilizantes, exceto organo-minerais",,2,2
2014-2/00,Fabricação de gases industriais,,2,2
2019-3/01,Elaboração de combustíveis nucleares,,2,2
2019-3/99,Fabricação de outros produtos químicos inorgânicos não especificados anteriormente,,2,2
2021-5/00,Fabricação de produtos petroquímicos básicos,,2,2
2022-3/00,"Fabricação de intermediários para plastificantes, resinas e fibras",,2,2
2029-1/00,Fabricação de produtos químicos orgânicos não especificados anteriormente,,2,2
2031-2/00,Fabricação de resinas termoplásticas,,2,2
2032-1/00,Fabricação de resinas termofixas,,2,2
2033-9/00,Fabricação de elastômeros,,2,2
2040-1/00,Fabricação de fibras artificiais e sintéticas,,2,2
2051-7/00,Fabricação de defensivos agrícolas,,2,2
2052-5/00,Fabricação de desinfestantes domissanitários,,2,2
2061-4/00,Fabricação de sabões e detergentes sintéticos,,2,2
2062-2/00,Fabricação de produtos de limpeza e polimento,,2,2
2063-1/00,"Fabricação de cosméticos, produtos de perfumaria e de higiene pessoal",,2,2
2071-1/00,"Fabricação de tintas, vernizes, esmaltes e lacas",,2,2
2072-0/00,Fabricação de tintas de impressão,,2,2
2073-8/00,"Fabricação de impermeabilizantes, solventes e produtos afins",,2,2
2091-6/00,Fabricação de adesivos e selantes,,2,2
2092-4/01,"Fabricação de pólvoras, explosivos e detonantes",,2,2
2092-4/02,Fabricação de artigos pirotécnicos,,2,2
2092-4/03,Fabricação de fósforos de segurança,,2,2
2093-2/00,Fabricação de aditivos de uso industrial,,2,2
2094-1/00,Fabricação de catalisadores,,2,2
2099-1/01,"Fabricação de chapas, filmes, papéis e outros materiais e produtos químicos para fotografia",,2,2
2099-1/99,Fabricação de outros produtos químicos não especificados anteriormente,,2,2
2110-6/00,Fabricação de produtos farmoquímicos,,2,2
2121-1/01,Fabricação de medicamentos alopáticos para uso humano,,2,2
2121-1/02,Fabricação de medicamentos homeopáticos para uso humano,,2,2
2121-1/03,Fabricação de medicamentos fitoterápicos para uso humano,,2,2
2122-0/00,Fabricação de medicamentos para uso veterinário,,2,2
2123-8/00,Fabricação de preparações farmacêuticas,,2,2
2211-1/00,Fabricação de pneumáticos e de câmaras-de-ar,,2,2
2212-9/00,Reforma de pneumáticos usados,,2,2
2219-6/00,"Fabricação de artefatos de borracha não especificados 
anteriormente",,2,2
2221-8/00,Fabricação de laminados planos e tubulares de material plástico,,2,2
2222-6/00,Fabricação de embalagens de material plástico,,2,2
2223-4/00,Fabricação de tubos e acessórios de material plástico para uso na construção,,2,2
2229-3/01,Fabricação de artefatos de material plástico para uso pessoal e doméstico,,2,2
2229-3/02,Fabricação de artefatos de material plástico para usos industriais,,2,2
2229-3/03,"Fabricação de artefatos de material plástico para uso na construção, exceto tubos e acessórios",,2,2
2229-3/99,Fabricação de artefatos de material plástico para outros usos não especificados anteriormente,,2,2
2311-7/00,Fabricação de vidro plano e de segurança,,2,2
2312-5/00,Fabricação de embalagens de vidro,,2,2
2319-2/00,Fabricação de artigos de vidro,,2,2
2320-6/00,Fabricação de cimento,,2,2
2330-3/01,"Fabricação de estruturas pré-moldadas de concreto armado, em série e sob encomenda",,2,2
2330-3/02,Fabricação de artefatos de cimento para uso na construção,,2,2
2330-3/03,Fabricação de artefatos de fibrocimento para uso na construção,,2,2
2330-3/04,Fabricação de casas pré-moldadas de concreto,,2,2
2330-3/05,Preparação de massa de concreto e argamassa para construção,,2,2
2330-3/99,"Fabricação de outros artefatos e produtos de concreto, cimento, fibrocimento, gesso e materiais semelhantes",,2,2
2341-9/00,Fabricação de produtos cerâmicos refratários,,2,2
2342-7/01,Fabricação de azulejos e pisos,,2,2
2342-7/02,"Fabricação de artefatos de cerâmica e barro cozido para uso na construção, exceto azulejos e pisos",,2,2
2349-4/01,Fabricação de material sanitário de cerâmica,,2,2
2349-4/99,Fabricação de produtos cerâmicos não refratários não especificados anteriormente,,2,2
2391-5/01,"Britamento de pedras, exceto associado à extração",,2,2
2391-5/02,"Aparelhamento de pedras para construção, exceto associado à extração",,2,2
2391-5/03,"Aparelhamento de placas e execução de trabalhos em mármore, granito, ardósia e outras pedras",,2,2
2392-3/00,Fabricação de cal e gesso,,2,2
2399-1/01,"Decoração, lapidação, gravação, vitrificação e outros trabalhos em cerâmica, louça, vidro e cristal",,2,2
2399-1/02,Fabricação de abrasivos,,2,2
2399-1/99,Fabricação de outros produtos de minerais não metálicos não especificados anteriormente,,2,2
2411-3/00,Produção de ferro-gusa,,2,2
2412-1/00,Produção de ferroligas,,2,2
2421-1/00,Produção de semiacabados de aço,,2,2
2422-9/01,"Produção de laminados planos de aço ao carbono, revestidos ou não",,2,2
2422-9/02,Produção de laminados planos de aços especiais,,2,2
2423-7/01,Produção de tubos de aço sem costura,,2,2
2423-7/02,"Produção de laminados longos de aço, exceto tubos",,2,2
2424-5/01,Produção de arames de aço,,2,2
2424-5/02,"Produção de relaminados, trefilados e perfilados de aço, exceto arames",,2,2
2431-8/00,Produção de tubos de aço com costura,,2,2
2439-3/00,Produção de outros tubos de ferro e aço,,2,2
2441-5/01,Produção de alumínio e suas ligas em formas primárias,,2,2
2441-5/02,Produção de laminados de alumínio,,2,2
2442-3/00,Metalurgia dos metais preciosos,,2,2
2443-1/00,Metalurgia do cobre,,2,2
2449-1/01,Produção de zinco em formas primárias,,2,2
2449-1/02,Produção de laminados de zinco,,2,2
2449-1/03,Fabricação de ânodos para galvanoplastia,,2,2
2449-1/99,Metalurgia de outros metais não ferrosos e suas ligas não especificados anteriormente,,2,2
2451-2/00,Fundição de ferro e aço,,2,2
2452-1/00,Fundição de metais não ferrosos e suas ligas,,2,2
2511-0/00,Fabricação de estruturas metálicas,,2,2
2512-8/00,Fabricação de esquadrias de metal,,2,2
2513-6/00,Fabricação de obras de caldeiraria pesada,,2,2
2521-7/00,"Fabricação de tanques, reservatórios metálicos e caldeiras para aquecimento central",,2,2
2522-5/00,"Fabricação de caldeiras geradoras de vapor, exceto para aquecimento central e para veículos",,2,2
2531-4/01,Produção de forjados de aço,,2,2
2531-4/02,Produção de forjados de metais não ferrosos e suas ligas,,2,2
2532-2/01,Produção de artefatos estampados de metal,,2,2
2532-2/02,Metalurgia do pó,,2,2
2539-0/01,"Serviços de usinagem, torneiria e solda",,2,2
2539-0/02,Serviços de tratamento e revestimento em metais,,2,2
2541-1/00,Fabricação de artigos de cutelaria,,2,2
2542-0/00,"Fabricação de artigos de serralheria, exceto esquadrias",,2,2
2543-8/00,Fabricação de ferramentas,,2,2
2550-1/01,"Fabricação de equipamento bélico pesado, exceto veículos militares de combate",,2,2
2550-1/02,"Fabricação de armas de fogo, outras armas e munições",,2,2
2591-8/00,Fabricação de embalagens metálicas,,2,2
2592-6/01,Fabricação de produtos de trefilados de metal padronizados,,2,2
2592-6/02,"Fabricação de produtos de trefilados de metal, exceto padronizados",,2,2
2593-4/00,Fabricação de artigos de metal para uso doméstico e pessoal,,2,2
2599-3/01,Serviços de confecção de armações metálicas para a construção,,2,2
2599-3/02,Serviço de corte e dobra de metais,,2,2
2599-3/99,Fabricação de outros produtos de metal não especificados anteriormente,,2,2
2610-8/00,Fabricação de componentes eletrônicos,,2,2
2621-3/00,Fabricação de equipamentos de informática,,2,2
2622-1/00,Fabricação de periféricos para equipamentos de informática,,2,2
2631-1/00,"Fabricação de equipamentos transmissores de comunicação, peças e acessórios",,2,2
2632-9/00,"Fabricação de aparelhos telefônicos e de outros equipamentos de comunicação, peças e acessórios",,2,2
2640-0/00,"Fabricação de aparelhos de recepção, reprodução, gravação e amplificação de áudio e vídeo",,2,2
2651-5/00,"Fabricação de aparelhos e equipamentos de medida, teste e controle",,2,2
2652-3/00,Fabricação de cronômetros e relógios,,2,2
2660-4/00,Fabricação de aparelhos eletromédicos e eletroterapêuticos e equipamentos de irradiação,,2,2
2670-1/01,"Fabricação de equipamentos e instrumentos ópticos, peças e acessórios",,2,2
2670-1/02,"Fabricação de aparelhos fotográficos e cinematográficos, peças e acessórios",,2,2
2680-9/00,"Fabricação de mídias virgens, magnéticas e ópticas",,2,2
2710-4/01,"Fabricação de geradores de corrente contínua e alternada, peças e acessórios",,2,2
2710-4/02,"Fabricação de transformadores, indutores, conversores, sincronizadores e semelhantes, peças e acessórios",,2,2
2710-4/03,"Fabricação de motores elétricos, peças e acessórios",,2,2
2721-0/00,"Fabricação de pilhas, baterias e acumuladores elétricos, exceto para veículos automotores",,2,2
2722-8/01,Fabricação de baterias e acumuladores para veículos automotores,,2,2
2722-8/02,Recondicionamento de baterias e acumuladores para veículos automotores,,2,2
2731-7/00,Fabricação de aparelhos e equipamentos para distribuição e controle de energia elétrica,,2,2
2732-5/00,Fabricação de material elétrico para instalações em circuito de consumo,,2,2
2733-3/00,"Fabricação de fios, cabos e condutores elétricos isolados",,2,2
2740-6/01,Fabricação de lâmpadas,,2,2
2740-6/02,Fabricação de luminárias e outros equipamentos de iluminação,,2,2
2751-1/00,"Fabricação de fogões, refrigeradores e máquinas de lavar e secar para uso doméstico, peças e acessórios",,2,2
2759-7/01,"Fabricação de aparelhos elétricos de uso pessoal, peças e acessórios",,2,2
2759-7/99,"Fabricação de outros aparelhos eletrodomésticos não especificados anteriormente, peças e acessórios",,2,2
2790-2/01,"Fabricação de eletrodos, contatos e outros artigos de carvão e grafita para uso elétrico, eletroímãs e isoladores",,2,2
2790-2/02,Fabricação de equipamentos para sinalização e alarme,,2,2
2790-2/99,Fabricação de outros equipamentos e aparelhos elétricos não especificados anteriormente,,2,2
2811-9/00,"Fabricação de motores e turbinas, peças e acessórios, exceto para aviões e veículos rodoviários",,2,2
2812-7/00,"Fabricação de equipamentos hidráulicos e pneumáticos, peças e acessórios, exceto válvulas",,2,2
2813-5/00,"Fabricação de válvulas, registros e dispositivos semelhantes, peças e acessórios",,2,2
2814-3/01,"Fabricação de compressores para uso industrial, peças e acessórios",,2,2
2814-3/02,"Fabricação de compressores para uso não industrial, peças e acessórios",,2,2
2815-1/01,Fabricação de rolamentos para fins industriais,,2,2
2815-1/02,"Fabricação de equipamentos de transmissão para fins industriais, exceto rolamentos",,2,2
2821-6/01,"Fabricação de fornos industriais, aparelhos e equipamentos não elétricos para instalações térmicas, peças e acessórios",,2,2
2821-6/02,"Fabricação de estufas e fornos elétricos para fins industriais, peças e acessórios",,2,2
2822-4/01,"Fabricação de máquinas, equipamentos e aparelhos para transporte e elevação de pessoas, peças e acessórios",,2,2
2822-4/02,"Fabricação de máquinas, equipamentos e aparelhos para transporte e elevação de cargas, peças e acessórios",,2,2
2823-2/00,"Fabricação de máquinas e aparelhos de refrigeração e ventilação para uso industrial e comercial, peças e acessórios",,2,2
2824-1/01,Fabricação de aparelhos e equipamentos de ar condicionado para uso industrial,,2,2
2824-1/02,Fabricação de aparelhos e equipamentos de ar condicionado para uso não industrial,,2,2
2825-9/00,"Fabricação de máquinas e equipamentos para saneamento básico e ambiental, peças e acessórios",,2,2
2829-1/01,"Fabricação de máquinas de escrever, calcular e outros equipamentos não eletrônicos para escritório, peças e acessórios",,2,2
2829-1/99,"Fabricação de outras máquinas e equipamentos de uso geral não especificados anteriormente, peças e acessórios",,2,2
2831-3/00,"Fabricação de tratores agrícolas, peças e acessórios",,2,2
2832-1/00,"Fabricação de equipamentos para irrigação agrícola, peças e acessórios",,2,2
2833-0/00,"Fabricação de máquinas e equipamentos para a agricultura e pecuária, peças e acessórios, exceto para irrigação",,2,2
2840-2/00,"Fabricação de máquinas-ferramenta, peças e acessórios",,2,2
2851-8/00,"Fabricação de máquinas e equipamentos para a prospecção e extração de petróleo, peças e acessórios",,2,2
2852-6/00,"Fabricação de outras máquinas e equipamentos para uso na extração mineral, peças e acessórios, exceto na extração de petróleo",,2,2
2853-4/00,"Fabricação de tratores, peças e acessórios, exceto agrícolas",,2,2
2854-2/00,"Fabricação de máquinas e equipamentos para terraplenagem, pavimentação e construção, peças e acessórios, exceto tratores",,2,2
2861-5/00,"Fabricação de máquinas para a indústria metalúrgica, peças e acessórios, exceto máquinas-ferramenta",,2,2
2862-3/00,"Fabricação de máquinas e equipamentos para as indústrias de alimentos, bebidas e fumo, peças e acessórios",,2,2
2863-1/00,"Fabricação de máquinas e equipamentos para a indústria têxtil, peças e acessórios",,2,2
2864-0/00,"Fabricação de máquinas e equipamentos para as indústrias do vestuário, do couro e de calçados, peças e acessórios",,2,2
2865-8/00,"Fabricação de máquinas e equipamentos para as indústrias de celulose, papel e papelão e artefatos, peças e acessórios",,2,2
2866-6/00,"Fabricação de máquinas e equipamentos para a indústria do plástico, peças e acessórios",,2,2
2869-1/00,"Fabricação de máquinas e equipamentos para uso industrial específico não especificados anteriormente, peças e acessórios",,2,2
2910-7/01,"Fabricação de automóveis, camionetas e utilitários",,2,2
2910-7/02,"Fabricação de chassis com motor para automóveis, camionetas e utilitários",,2,2
2910-7/03,"Fabricação de motores para automóveis, camionetas e utilitários",,2,2
2920-4/01,Fabricação de caminhões e ônibus,,2,2
2920-4/02,Fabricação de motores para caminhões e ônibus,,2,2
2930-1/01,"Fabricação de cabines, carrocerias e reboques para caminhões",,2,2
2930-1/02,Fabricação de carrocerias para ônibus,,2,2
2930-1/03,"Fabricação de cabines, carrocerias e reboques para outros veículos automotores, exceto caminhões e ônibus",,2,2
2941-7/00,Fabricação de peças e acessórios para o sistema motor de veículos automotores,,2,2
2942-5/00,Fabricação de peças e acessórios para os sistemas de marcha e transmissão de veículos automotores,,2,2
2943-3/00,Fabricação de peças e acessórios para o sistema de freios de veículos automotores,,2,2
2944-1/00,Fabricação de peças e acessórios para o sistema de direção e suspensão de veículos automotores,,2,2
2945-0/00,"Fabricação de material elétrico e eletrônico para veículos automotores, exceto baterias",,2,2
2949-2/01,Fabricação de bancos e estofados para veículos automotores,,2,2
2949-2/99,Fabricação de outras peças e acessórios para veículos automotores não especificadas anteriormente,,2,2
2950-6/00,Recondicionamento e recuperação de motores para veículos automotores,,2,2
3011-3/01,Construção de embarcações de grande porte,,2,2
3011-3/02,"Construção de embarcações para uso comercial e para usos especiais, exceto de grande porte",,2,2
3012-1/00,Construção de embarcações para esporte e lazer,,2,2
3031-8/00,"Fabricação de locomotivas, vagões e outros materiais rodantes",,2,2
3032-6/00,Fabricação de peças e acessórios para veículos ferroviários,,2,2
3041-5/00,Fabricação de aeronaves,,2,2
3042-3/00,"Fabricação de turbinas, motores e outros componentes e peças para aeronaves",,2,2
3050-4/00,Fabricação de veículos militares de combate,,2,2
3091-1/01,Fabricação de motocicletas,,2,2
3091-1/02,Fabricação de peças e acessórios para motocicletas,,2,2
3092-0/00,"Fabricação de bicicletas e triciclos não motorizados, peças e acessórios",,2,2
3099-7/00,Fabricação de equipamentos de transporte não especificados anteriormente,,2,2
3101-2/00,Fabricação de móveis com predominância de madeira,,2,2
3102-1/00,Fabricação de móveis com predominância de metal,,2,2
3103-9/00,"Fabricação de móveis de outros materiais, exceto madeira e metal",,2,2
3104-7/00,Fabricação de colchões,,2,2
3211-6/01,Lapidação de gemas,,2,2
3211-6/02,Fabricação de artefatos de joalheria e ourivesaria,,2,2
3211-6/03,Cunhagem de moedas e medalhas,,2,2
3212-4/00,Fabricação de bijuterias e artefatos semelhantes,,2,2
3220-5/00,"Fabricação de instrumentos musicais, peças e acessórios",,2,2
3230-2/00,Fabricação de artefatos para pesca e esporte,,2,2
3240-0/01,Fabricação de jogos eletrônicos,,2,2
3240-0/02,"Fabricação de mesas de bilhar, de sinuca e acessórios não associada à locação",,2,2
3240-0/03,"Fabricação de mesas de bilhar, de sinuca e acessórios associada à locação",,2,2
3240-0/99,Fabricação de outros brinquedos e jogos recreativos não especificados anteriormente,,2,2
3250-7/01,"Fabricação de instrumentos não eletrônicos e utensílios para uso médico, cirúrgico, odontológico e de laboratório",,2,2
3250-7/02,"Fabricação de mobiliário para uso médico, cirúrgico, odontológico e de laboratório",,2,2
3250-7/03,Fabricação de aparelhos e utensílios para correção de defeitos físicos e aparelhos ortopédicos em geral sob encomenda,,2,2
3250-7/04,"Fabricação de aparelhos e utensílios para correção de defeitos físicos e aparelhos ortopédicos em geral, exceto sob encomenda",,2,2
3250-7/05,Fabricação de materiais para medicina e odontologia,,2,2
3250-7/06,Serviços de prótese dentária,,2,2
3250-7/07,Fabricação de artigos ópticos,,2,2
3250-7/09,Serviço de laboratório óptico,,2,2
3291-4/00,"Fabricação de escovas, pincéis e vassouras",,2,2
3292-2/01,Fabricação de roupas de proteção e segurança e resistentes a fogo,,2,2
3292-2/02,Fabricação de equipamentos e acessórios para segurança pessoal e profissional,,2,2
3299-0/01,Fabricação de guarda-chuvas e similares,,2,2
3299-0/02,"Fabricação de canetas, lápis e outros artigos para escritório",,2,2
3299-0/03,"Fabricação de letras, letreiros e placas de qualquer material, exceto luminosos",,2,2
3299-0/04,Fabricação de painéis e letreiros luminosos,,2,2
3299-0/05,Fabricação de aviamentos para costura,,2,2
3299-0/06,"Fabricação de velas, inclusive decorativas",,2,2
3299-0/99,Fabricação de produtos diversos não especificados anteriormente,,2,2
3311-2/00,"Manutenção e reparação de tanques, reservatórios metálicos e caldeiras, exceto para veículos",,2,2
3312-1/02,"Manutenção e reparação de aparelhos e instrumentos de medida, teste e controle",,2,2
3312-1/03,Manutenção e reparação de aparelhos eletromédicos e eletroterapêuticos e equipamentos de irradiação,,2,2
3312-1/04,Manutenção e reparação de equipamentos e instrumentos ópticos,,2,2
3313-9/01,"Manutenção e reparação de geradores, transformadores e motores elétricos",,2,2
3313-9/02,"Manutenção e reparação de baterias e acumuladores elétricos, exceto para veículos",,2,2
3313-9/99,"Manutenção e reparação de máquinas, aparelhos e materiais elétricos não especificados anteriormente",,2,2
3314-7/01,Manutenção e reparação de máquinas motrizes não elétricas,,2,2
3314-7/02,"Manutenção e reparação de equipamentos hidráulicos e pneumáticos, exceto válvulas",,2,2
3314-7/03,Manutenção e reparação de válvulas industriais,,2,2
3314-7/04,Manutenção e reparação de compressores,,2,2
3314-7/05,Manutenção e reparação de equipamentos de transmissão para fins industriais,,2,2
3314-7/06,"Manutenção e reparação de máquinas, aparelhos e equipamentos para instalações térmicas",,2,2
3314-7/07,Manutenção e reparação de máquinas e aparelhos de refrigeração e ventilação para uso industrial e comercial,,2,2
3314-7/08,"Manutenção e reparação de máquinas, equipamentos e aparelhos para transporte e elevação de cargas",,2,2
3314-7/09,"Manutenção e reparação de máquinas de escrever, calcular e de outros equipamentos não eletrônicos para escritório",,2,2
3314-7/10,Manutenção e reparação de máquinas e equipamentos para uso geral não especificados anteriormente,,2,2
3314-7/11,Manutenção e reparação de máquinas e equipamentos para agricultura e pecuária,,2,2
3314-7/12,Manutenção e reparação de tratores agrícolas,,2,2
3314-7/13,Manutenção e reparação de máquinas-ferramenta,,2,2
3314-7/14,Manutenção e reparação de máquinas e equipamentos para a prospecção e extração de petróleo,,2,2
3314-7/15,"Manutenção e reparação de máquinas e equipamentos para uso na extração mineral, exceto na extração de petróleo",,2,2
3314-7/16,"Manutenção e reparação de tratores, exceto agrícolas",,2,2
3314-7/17,"Manutenção e reparação de máquinas e equipamentos de terraplenagem, pavimentação e construção, exceto tratores",,2,2
3314-7/18,"Manutenção e reparação de máquinas para a indústria metalúrgica, exceto máquinas-ferramenta",,2,2
3314-7/19,"Manutenção e reparação de máquinas e equipamentos para as indústrias de alimentos, bebidas e fumo",,2,2
3314-7/20,"Manutenção e reparação de máquinas e equipamentos para a indústria têxtil, do vestuário, do couro e calçados",,2,2
3314-7/21,"Manutenção e reparação de máquinas e aparelhos para a indústria de celulose, papel e papelão e artefatos",,2,2
3314-7/22,Manutenção e reparação de máquinas e aparelhos para a indústria do plástico,,2,2
3314-7/99,Manutenção e reparação de outras máquinas e equipamentos para usos industriais não especificados anteriormente,,2,2
3315-5/00,Manutenção e reparação de veículos ferroviários,,2,2
3316-3/01,"Manutenção e reparação de aeronaves, exceto a manutenção na pista",,2,2
3316-3/02,Manutenção de aeronaves na pista,,2,2
3317-1/01,Manutenção e reparação de embarcações e estruturas flutuantes,,2,2
3317-1/02,Manutenção e reparação de embarcações para esporte e lazer,,2,2
3319-8/00,Manutenção e reparação de equipamentos e produtos não especificados anteriormente,,2,2
3321-0/00,Instalação de máquinas e equipamentos industriais,,2,2
3329-5/01,Serviços de montagem de móveis de qualquer material,,2,2
3329-5/99,Instalação de outros equipamentos não especificados anteriormente,,2,2
3511-5/01,Geração de energia elétrica,,2,2
3511-5/02,Atividades de coordenação e controle da operação da geração e transmissão de energia elétrica,,2,2
3512-3/00,Transmissão de energia elétrica,,2,2
3513-1/00,Comércio atacadista de energia elétrica,,2,2
3514-0/00,Distribuição de energia elétrica,,2,2
3520-4/01,Produção de gás processamento de gás natural,,2,2
3520-4/02,Distribuição de combustíveis gasosos por redes urbanas,,2,2
3530-1/00,"Produção e distribuição de vapor, água quente e ar condicionado",,2,2
3600-6/01,"Captação, tratamento e distribuição de água",,2,2
3600-6/02,Distribuição de água por caminhões,,2,2
3701-1/00,Gestão de redes de esgoto,,2,2
3702-9/00,"Atividades relacionadas a esgoto, exceto a gestão de redes",,2,2
3811-4/00,Coleta de resíduos não perigosos,,2,2
3812-2/00,Coleta de resíduos perigosos,,2,2
3821-1/00,Tratamento e disposição de resíduos não perigosos,,2,2
3822-0/00,Tratamento e disposição de resíduos perigosos,,2,2
3831-9/01,Recuperação de sucatas de alumínio,,2,2
3831-9/99,"Recuperação de materiais metálicos, exceto alumínio",,2,2
3832-7/00,Recuperação de materiais plásticos,,2,2
3839-4/01,Usinas de compostagem,,2,2
3839-4/99,Recuperação de materiais não especificados anteriormente,,2,2
3900-5/00,Descontaminação e outros serviços de gestão de resíduos,,2,2
4110-7/00,Incorporação de empreendimentos imobiliários,,2,2
4120-4/00,Construção de edifícios,,2,2
4211-1/01,Construção de rodovias e ferrovias,,2,2
4211-1/02,Pintura para sinalização em pistas rodoviárias e aeroportos,,2,2
4212-0/00,Construção de obras de arte especiais,,2,2
4213-8/00,"Obras de urbanização - ruas, praças e calçadas",,2,2
4221-9/01,"Construção de barragens e represas para geração de energia 
elétrica",,2,2
4221-9/02,Construção de estações e redes de distribuição de energia elétrica,,2,2
4221-9/03,Manutenção de redes de distribuição de energia elétrica,,2,2
4221-9/04,Construção de estações e redes de telecomunicações,,2,2
4221-9/05,Manutenção de estações e redes de telecomunicações,,2,2
4222-7/01,"Construção de redes de abastecimento de água, coleta de esgoto e construções correlatas, exceto obras de irrigação",,2,2
4222-7/02,Obras de irrigação,,2,2
4223-5/00,"Construção de redes de transportes por dutos, exceto para água e esgoto",,2,2
4291-0/00,"Obras portuárias, marítimas e fluviais",,2,2
4292-8/01,Montagem de estruturas metálicas,,2,2
4292-8/02,Obras de montagem industrial,,2,2
4299-5/01,Construção de instalações esportivas e recreativas,,2,2
4299-5/99,Outras obras de engenharia civil não especificadas anteriormente,,2,2
4311-8/01,Demolição de edifícios e outras estruturas,,2,2
4311-8/02,Preparação de canteiro e limpeza de terreno,,2,2
4312-6/00,Perfurações e sondagens,,2,2
4313-4/00,Obras de terraplenagem,,2,2
4319-3/00,Serviços de preparação do terreno não especificados anteriormente,,2,2
4321-5/00,Instalação e manutenção elétrica,,2,2
4322-3/01,"Instalações hidráulicas, sanitárias e de gás",,2,2
4322-3/02,"Instalação e manutenção de sistemas centrais de ar condicionado, de ventilação e refrigeração",,2,2
4322-3/03,Instalações de sistema de prevenção contra incêndio,,2,2
4329-1/01,Instalação de painéis publicitários,,2,2
4329-1/02,"Instalação de equipamentos para orientação à navegação marítima, fluvial e lacustre",,2,2
4329-1/03,"Instalação, manutenção e reparação de elevadores, escadas e esteiras rolantes",,2,2
4329-1/04,"Montagem e instalação de sistemas e equipamentos de iluminação e sinalização em vias públicas, portos e aeroportos",,2,2
4329-1/05,"Tratamentos térmicos, acústicos ou de vibração",,2,2
4329-1/99,Outras obras de instalações em construções não especificadas anteriormente,,2,2
4330-4/01,Impermeabilização em obras de engenharia civil,,2,2
4330-4/02,"Instalação de portas, janelas, tetos, divisórias e armários embutidos de qualquer material",,2,2
4330-4/03,Obras de acabamento em gesso e estuque,,2,2
4330-4/04,Serviços de pintura de edifícios em geral,,2,2
4330-4/05,Aplicação de revestimentos e de resinas em interiores e exteriores,,2,2
4330-4/99,Outras obras de acabamento da construção,,2,2
4391-6/00,Obras de fundações,,2,2
4399-1/01,Administração de obras,,2,2
4399-1/02,Montagem e desmontagem de andaimes e outras estruturas temporárias,,2,2
4399-1/03,Obras de alvenaria,,2,2
4399-1/04,Serviços de operação e fornecimento de equipamentos para transporte e elevação de cargas e pessoas para uso em obras,,2,2
4399-1/05,Perfuração e construção de poços de água,,2,2
4399-1/99,Serviços especializados para construção não especificados anteriormente,,2,2
4511-1/01,"Comércio a varejo de automóveis, camionetas e utilitários novos",,2,2
4511-1/02,"Comércio a varejo de automóveis, camionetas e utilitários usados",,2,2
4511-1/03,"Comércio por atacado de automóveis, camionetas e utilitários novos e usados",,2,2
4511-1/04,Comércio por atacado de caminhões novos e usados,,2,2
4511-1/05,Comércio por atacado de reboques e semireboques novos e usados,,2,2
4511-1/06,Comércio por atacado de ônibus e micro-ônibus novos e usados,,2,2
4512-9/01,Representantes comerciais e agentes do comércio de veículos automotores,,2,2
4512-9/02,Comércio sob consignação de veículos automotores,,2,2
4520-0/01,Serviços de manutenção e reparação mecânica de veículos automotores,,2,2
4520-0/02,Serviços de lanternagem ou funilaria e pintura de veículos automotores,,2,2
4520-0/03,Serviços de manutenção e reparação elétrica de veículos automotores,,2,2
4520-0/04,Serviços de alinhamento e balanceamento de veículos automotores,,2,2
4520-0/05,"Serviços de lavagem, lubrificação e polimento de veículos automotores",,2,2
4520-0/06,Serviços de borracharia para veículos automotores,,2,2
4520-0/07,"Serviços de instalação, manutenção e reparação de acessórios para veículos automotores",,2,2
4520-0/08,Serviços de capotaria,,2,2
4530-7/01,Comércio por atacado de peças e acessórios novos para veículos automotores,,2,2
4530-7/02,Comércio por atacado de pneumáticos e câmaras-de-ar,,2,2
4530-7/03,Comércio a varejo de peças e acessórios novos para veículos automotores,,2,2
4530-7/04,Comércio a varejo de peças e acessórios usados para veículos automotores,,2,2
4530-7/05,Comércio a varejo de pneumáticos e câmaras-de-ar,,2,2
4530-7/06,Representantes comerciais e agentes do comércio de peças e acessórios novos e usados para veículos automotores,,2,2
4541-2/01,Comércio por atacado de motocicletas e motonetas,,2,2
4541-2/02,Comércio por atacado de peças e acessórios para motocicletas e motonetas,,2,2
4541-2/03,Comércio a varejo de motocicletas e motonetas novas,,2,2
4541-2/04,Comércio a varejo de motocicletas e motonetas usadas,,2,2
4541-2/06,Comércio a varejo de peças e acessórios novos para motocicletas e motonetas,,2,2
4541-2/07,Comércio a varejo de peças e acessórios usados para motocicletas e motonetas,,2,2
4542-1/01,"Representantes comerciais e agentes do comércio de motocicletas e motonetas, peças e acessórios",,2,2
4542-1/02,Comércio sob consignação de motocicletas e motonetas,,2,2
4543-9/00,Manutenção e reparação de motocicletas e motonetas,,2,2
4611-7/00,Representantes comerciais e agentes do comércio de matérias-primas agrícolas e animais vivos,,2,2
4612-5/00,"Representantes comerciais e agentes do comércio de combustíveis, minerais, produtos siderúrgicos e químicos",,2,2
4613-3/00,"Representantes comerciais e agentes do comércio de madeira, material de construção e ferragens",,2,2
4614-1/00,"Representantes comerciais e agentes do comércio de máquinas, equipamentos, embarcações e aeronaves",,2,2
4615-0/00,"Representantes comerciais e agentes do comércio de eletrodomésticos, móveis e artigos de uso doméstico",,2,2
4616-8/00,"Representantes comerciais e agentes do comércio de têxteis, vestuário, calçados e artigos de viagem",,2,2
4617-6/00,"Representantes comerciais e agentes do comércio de produtos alimentícios, bebidas e fumo",,2,2
4618-4/01,"Representantes comerciais e agentes do comércio de medicamentos, cosméticos e produtos de perfumaria",,2,2
4618-4/02,Representantes comerciais e agentes do comércio de instrumentos e materiais odonto-médico-hospitalares,,2,2
4618-4/03,"Representantes comerciais e agentes do comércio de jornais, revistas e outras publicações",,2,2
4618-4/99,Outros representantes comerciais e agentes do comércio especializado em produtos não especificados anteriormente,,2,2
4619-2/00,Representantes comerciais e agentes do comércio de mercadorias em geral não especializado,,2,2
4621-4/00,Comércio atacadista de café em grão,,2,2
4622-2/00,Comércio atacadista de soja,,2,2
4623-1/01,Comércio atacadista de animais vivos,,2,2
4623-1/02,"Comércio atacadista de couros, lãs, peles e outros subprodutos não comestíveis de origem animal",,2,2
4623-1/03,Comércio atacadista de algodão,,2,2
4623-1/04,Comércio atacadista de fumo em folha não beneficiado,,2,2
4623-1/05,Comércio atacadista de cacau,,2,2
4623-1/06,"Comércio atacadista de sementes, flores, plantas e gramas",,2,2
4623-1/07,Comércio atacadista de sisal,,2,2
4623-1/08,Comércio atacadista de matérias-primas agrícolas com atividade de fracionamento e acondicionamento associada,,2,2
4623-1/09,Comércio atacadista de alimentos para animais,,2,2
4623-1/99,Comércio atacadista de matérias-primas agrícolas não especificadas anteriormente,,2,2
4631-1/00,Comércio atacadista de leite e laticínios,,2,2
4632-0/01,Comércio atacadista de cereais e leguminosas beneficiados,,2,2
4632-0/02,"Comércio atacadista de farinhas, amidos e féculas",,2,2
4632-0/03,"Comércio atacadista de cereais e leguminosas beneficiados, farinhas, amidos e féculas, com atividade de fracionamento e acondicionamento associada",,2,2
4633-8/01,"Comércio atacadista de frutas, verduras, raízes, tubérculos, hortaliças e legumes frescos",,2,2
4633-8/02,Comércio atacadista de aves vivas e ovos,,2,2
4633-8/03,Comércio atacadista de coelhos e outros pequenos animais vivos para alimentação,,2,2
4634-6/01,Comércio atacadista de carnes bovinas e suínas e derivados,,2,2
4634-6/02,Comércio atacadista de aves abatidas e derivados,,2,2
4634-6/03,Comércio atacadista de pescados e frutos do mar,,2,2
4634-6/99,Comércio atacadista de carnes e derivados de outros animais,,2,2
4635-4/01,Comércio atacadista de água mineral,,2,2
4635-4/02,"Comércio atacadista de cerveja, chope e refrigerante",,2,2
4635-4/03,Comércio atacadista de bebidas com atividade de fracionamento e acondicionamento associada,,2,2
4635-4/99,Comércio atacadista de bebidas não especificadas anteriormente,,2,2
4636-2/01,Comércio atacadista de fumo beneficiado,,2,2
4636-2/02,"Comércio atacadista de cigarros, cigarrilhas e charutos",,2,2
4637-1/01,"Comércio atacadista de café torrado, moído e solúvel",,2,2
4637-1/02,Comércio atacadista de açúcar,,2,2
4637-1/03,Comércio atacadista de óleos e gorduras,,2,2
4637-1/04,"Comércio atacadista de pães, bolos, biscoitos e similares",,2,2
4637-1/05,Comércio atacadista de massas alimentícias,,2,2
4637-1/06,Comércio atacadista de sorvetes,,2,2
4637-1/07,"Comércio atacadista de chocolates, confeitos, balas, bombons e semelhantes",,2,2
4637-1/99,Comércio atacadista especializado em outros produtos alimentícios não especificados anteriormente,,2,2
4639-7/01,Comércio atacadista de produtos alimentícios em geral,,2,2
4639-7/02,"Comércio atacadista de produtos alimentícios em geral, com atividade de fracionamento e acondicionamento associada",,2,2
4641-9/01,Comércio atacadista de tecidos,,2,2
4641-9/02,"Comércio atacadista de artigos de cama, mesa e banho",,2,2
4641-9/03,Comércio atacadista de artigos de armarinho,,2,2
4642-7/01,"Comércio atacadista de artigos do vestuário e acessórios, exceto profissionais e de segurança",,2,2
4642-7/02,Comércio atacadista de roupas e acessórios para uso profissional e de segurança do trabalho,,2,2
4643-5/01,Comércio atacadista de calçados,,2,2
4643-5/02,"Comércio atacadista de bolsas, malas e artigos de viagem",,2,2
4644-3/01,Comércio atacadista de medicamentos e drogas de uso humano,,2,2
4644-3/02,Comércio atacadista de medicamentos e drogas de uso veterinário,,2,2
4645-1/01,"Comércio atacadista de instrumentos e materiais para uso médico, cirúrgico, hospitalar e de laboratórios",,2,2
4645-1/02,Comércio atacadista de próteses e artigos de ortopedia,,2,2
4645-1/03,Comércio atacadista de produtos odontológicos,,2,2
4646-0/01,Comércio atacadista de cosméticos e produtos de perfumaria,,2,2
4646-0/02,Comércio atacadista de produtos de higiene pessoal,,2,2
4647-8/01,Comércio atacadista de artigos de escritório e de papelaria,,2,2
4647-8/02,"Comércio atacadista de livros, jornais e outras publicações",,2,2
4649-4/01,Comércio atacadista de equipamentos elétricos de uso pessoal e doméstico,,2,2
4649-4/02,Comércio atacadista de aparelhos eletrônicos de uso pessoal e doméstico,,2,2
4649-4/03,"Comércio atacadista de bicicletas, triciclos e outros veículos recreativos",,2,2
4649-4/04,Comércio atacadista de móveis e artigos de colchoaria,,2,2
4649-4/05,"Comércio atacadista de artigos de tapeçaria, persianas e cortinas",,2,2
4649-4/06,"Comércio atacadista de lustres, luminárias e abajures",,2,2
4649-4/07,"Comércio atacadista de filmes, CDs, DVDs, fitas e discos",,2,2
4649-4/08,"Comércio atacadista de produtos de higiene, limpeza e conservação domiciliar",,2,2
4649-4/09,"Comércio atacadista de produtos de higiene, limpeza e conservação domiciliar, com atividade de fracionamento e acondicionamento associada",,2,2
4649-4/10,"Comércio atacadista de jóias, relógios e bijuterias, inclusive pedras preciosas e semipreciosas lapidadas",,2,2
4649-4/99,Comércio atacadista de outros equipamentos e artigos de uso pessoal e doméstico não especificados anteriormente,,2,2
4651-6/01,Comércio atacadista de equipamentos de informática,,2,2
4651-6/02,Comércio atacadista de suprimentos para informática,,2,2
4652-4/00,Comércio atacadista de componentes eletrônicos e equipamentos de telefonia e comunicação,,2,2
4661-3/00,"Comércio atacadista de máquinas, aparelhos e equipamentos para uso agropecuário; partes e peças",,2,2
4662-1/00,"Comércio atacadista de máquinas, equipamentos para terraplenagem, mineração e construção; partes e peças",,2,2
4663-0/00,Comércio atacadista de máquinas e equipamentos para uso industrial; partes e peças,,2,2
4664-8/00,"Comércio atacadista de máquinas, aparelhos e equipamentos para uso odonto-médico-hospitalar; partes e peças",,2,2
4665-6/00,Comércio atacadista de máquinas e equipamentos para uso comercial; partes e peças,,2,2
4669-9/01,Comércio atacadista de bombas e compressores; partes e peças,,2,2
4669-9/99,Comércio atacadista de outras máquinas e equipamentos não especificados anteriormente; partes e peças,,2,2
4671-1/00,Comércio atacadista de madeira e produtos derivados,,2,2
4672-9/00,Comércio atacadista de ferragens e ferramentas,,2,2
4673-7/00,Comércio atacadista de material elétrico,,2,2
4674-5/00,Comércio atacadista de cimento,,2,2
4679-6/01,"Comércio atacadista de tintas, vernizes e similares",,2,2
4679-6/02,Comércio atacadista de mármores e granitos,,2,2
4679-6/03,"Comércio atacadista de vidros, espelhos e vitrais",,2,2
4679-6/04,Comércio atacadista especializado de materiais de construção não especificados anteriormente,,2,2
4679-6/99,Comércio atacadista de materiais de construção em geral,,2,2
4681-8/01,"Comércio atacadista de álcool carburante, biodiesel, gasolina e demais derivados de petróleo, exceto lubrificantes, não realizado por transportador retalhista (TRR)",,2,2
4681-8/02,Comércio atacadista de combustíveis realizado por transportador retalhista (TRR),,2,2
4681-8/03,"Comércio atacadista de combustíveis de origem vegetal, exceto álcool carburante",,2,2
4681-8/04,Comércio atacadista de combustíveis de origem mineral em bruto,,2,2
4681-8/05,Comércio atacadista de lubrificantes,,2,2
4682-6/00,Comércio atacadista de gás liquefeito de petróleo (GLP),,2,2
4683-4/00,"Comércio atacadista de defensivos agrícolas, adubos, fertilizantes e corretivos do solo",,2,2
4684-2/01,Comércio atacadista de resinas e elastômeros,,2,2
4684-2/02,Comércio atacadista de solventes,,2,2
4684-2/99,Comércio atacadista de outros produtos químicos e petroquímicos não especificados anteriormente,,2,2
4685-1/00,"Comércio atacadista de produtos siderúrgicos e metalúrgicos, exceto para construção",,2,2
4686-9/01,Comércio atacadista de papel e papelão em bruto,,2,2
4686-9/02,Comércio atacadista de embalagens,,2,2
4687-7/01,Comércio atacadista de resíduos de papel e papelão,,2,2
4687-7/02,"Comércio atacadista de resíduos e sucatas não metálicos, exceto de papel e papelão",,2,2
4687-7/03,Comércio atacadista de resíduos e sucatas metálicos,,2,2
4689-3/01,"Comércio atacadista de produtos da extração mineral, exceto combustíveis",,2,2
4689-3/02,Comércio atacadista de fios e fibras beneficiados,,2,2
4689-3/99,Comércio atacadista especializado em outros produtos intermediários não especificados anteriormente,,2,2
4691-5/00,"Comércio atacadista de mercadorias em geral, com predominância de produtos alimentícios",,2,2
4692-3/00,"Comércio atacadista de mercadorias em geral, com predominância de insumos agropecuários",,2,2
4693-1/00,"Comércio atacadista de mercadorias em geral, sem predominância de alimentos ou de insumos agropecuários",,2,2
4711-3/01,"Comércio varejista de mercadorias em geral, com predominância de produtos alimentícios - hipermercados",,2,2
4711-3/02,"Comércio varejista de mercadorias em geral, com predominância de produtos alimentícios - supermercados",,2,2
4712-1/00,"Comércio varejista de mercadorias em geral, com predominância de produtos alimentícios - minimercados, mercearias e armazéns",,2,2
4713-0/02,"Lojas de variedades, exceto lojas de departamentos ou magazines",,2,2
4713-0/04,"Lojas de departamentos ou magazines, exceto lojas francas (Duty free)",,2,2
4713-0/05,"Lojas francas (Duty Free) de aeroportos, portos e em fronteiras terrestres",,2,2
4721-1/02,Padaria e confeitaria com predominância de revenda,,2,2
4721-1/03,Comércio varejista de laticínios e frios,,2,2
4721-1/04,"Comércio varejista de doces, balas, bombons e semelhantes",,2,2
4722-9/01,Comércio varejista de carnes - açougues,,2,2
4722-9/02,Peixaria,,2,2
4723-7/00,Comércio varejista de bebidas,,2,2
4724-5/00,Comércio varejista de hortifrutigranjeiros,,2,2
4729-6/01,Tabacaria,,2,2
4729-6/02,Comércio varejista de mercadorias em lojas de conveniência,,2,2
4729-6/99,Comércio varejista de produtos alimentícios em geral ou especializado em produtos alimentícios não especificados anteriormente,,2,2
4731-8/00,Comércio varejista de combustíveis para veículos automotores,,2,2
4732-6/00,Comércio varejista de lubrificantes,,2,2
4741-5/00,Comércio varejista de tintas e materiais para pintura,,2,2
4742-3/00,Comércio varejista de material elétrico,,2,2
4743-1/00,Comércio varejista de vidros,,2,2
4744-0/01,Comércio varejista de ferragens e ferramentas,,2,2
4744-0/02,Comércio varejista de madeira e artefatos,,2,2
4744-0/03,Comércio varejista de materiais hidráulicos,,2,2
4744-0/04,"Comércio varejista de cal, areia, pedra britada, tijolos e telhas",,2,2
4744-0/05,Comércio varejista de materiais de construção não especificados anteriormente,,2,2
4744-0/06,Comércio varejista de pedras para revestimento,,2,2
4744-0/99,Comércio varejista de materiais de construção em geral,,2,2
4751-2/01,Comércio varejista especializado de equipamentos e suprimentos de informática,,2,2
4751-2/02,Recarga de cartuchos para equipamentos de informática,,2,2
4752-1/00,Comércio varejista especializado de equipamentos de telefonia e comunicação,,2,2
4753-9/00,Comércio varejista especializado de eletrodomésticos e equipamentos de áudio e vídeo,,2,2
4754-7/01,Comércio varejista de móveis,,2,2
4754-7/02,Comércio varejista de artigos de colchoaria,,2,2
4754-7/03,Comércio varejista de artigos de iluminação,,2,2
4755-5/01,Comércio varejista de tecidos,,2,2
4755-5/02,Comercio varejista de artigos de armarinho,,2,2
4755-5/03,"Comercio varejista de artigos de cama, mesa e banho",,2,2
4756-3/00,Comércio varejista especializado de instrumentos musicais e acessórios,,2,2
4757-1/00,"Comércio varejista especializado de peças e acessórios para aparelhos eletroeletrônicos para uso doméstico, exceto informática e comunicação",,2,2
4759-8/01,"Comércio varejista de artigos de tapeçaria, cortinas e persianas",,2,2
4759-8/99,Comércio varejista de outros artigos de uso doméstico não especificados anteriormente,,2,2
4761-0/01,Comércio varejista de livros,,2,2
4761-0/02,Comércio varejista de jornais e revistas,,2,2
4761-0/03,Comércio varejista de artigos de papelaria,,2,2
4762-8/00,"Comércio varejista de discos, CDs, DVDs e fitas",,2,2
4763-6/01,Comércio varejista de brinquedos e artigos recreativos,,2,2
4763-6/02,Comércio varejista de artigos esportivos,,2,2
4763-6/03,Comércio varejista de bicicletas e triciclos,,2,2
4763-6/04,"Comércio varejista de artigos de caça, pesca e camping",,2,2
4763-6/05,"Comércio varejista de embarcações e outros veículos recreativos, peças e acessórios",,2,2
4771-7/01,"Comércio varejista de produtos farmacêuticos, sem manipulação de fórmulas",,2,2
4771-7/02,"Comércio varejista de produtos farmacêuticos, com manipulação de fórmulas",,2,2
4771-7/03,Comércio varejista de produtos farmacêuticos homeopáticos,,2,2
4771-7/04,Comércio varejista de medicamentos veterinários,,2,2
4772-5/00,"Comércio varejista de cosméticos, produtos de perfumaria e de higiene pessoal",,2,2
4773-3/00,Comércio varejista de artigos médicos e ortopédicos,,2,2
4774-1/00,Comércio varejista de artigos de óptica,,2,2
4781-4/00,Comércio varejista de artigos do vestuário e acessórios,,2,2
4782-2/01,Comércio varejista de calçados,,2,2
4782-2/02,Comércio varejista de artigos de viagem,,2,2
4783-1/01,Comércio varejista de artigos de joalheria,,2,2
4783-1/02,Comércio varejista de artigos de relojoaria,,2,2
4784-9/00,Comércio varejista de gás liqüefeito de petróleo (GLP),,2,2
4785-7/01,Comércio varejista de antiguidades,,2,2
4785-7/99,Comércio varejista de outros artigos usados,,2,2
4789-0/01,"Comércio varejista de suvenires, bijuterias e artesanatos",,2,2
4789-0/02,Comércio varejista de plantas e flores naturais,,2,2
4789-0/03,Comércio varejista de objetos de arte,,2,2
4789-0/04,Comércio varejista de animais vivos e de artigos e alimentos para animais de estimação,,2,2
4789-0/05,Comércio varejista de produtos saneantes domissanitários,,2,2
4789-0/06,Comércio varejista de fogos de artifício e artigos pirotécnicos,,2,2
4789-0/07,Comércio varejista de equipamentos para escritório,,2,2
4789-0/08,Comércio varejista de artigos fotográficos e para filmagem,,2,2
4789-0/09,Comércio varejista de armas e munições,,2,2
4789-0/99,Comércio varejista de outros produtos não especificados anteriormente,,2,2
4911-6/00,Transporte ferroviário de carga,,2,2
4912-4/01,Transporte ferroviário de passageiros intermunicipal e interestadual,,2,2
4912-4/02,Transporte ferroviário de passageiros municipal e em região metropolitana,,2,2
4912-4/03,Transporte metroviário,,2,2
4921-3/01,"Transporte rodoviário coletivo de passageiros, com itinerário fixo, municipal",,2,2
4921-3/02,"Transporte rodoviário coletivo de passageiros, com itinerário fixo, intermunicipal em região metropolitana",,2,2
4922-1/01,"Transporte rodoviário coletivo de passageiros, com itinerário fixo, intermunicipal, exceto em região metropolitana",,2,2
4922-1/02,"Transporte rodoviário coletivo de passageiros, com itinerário fixo, interestadual",,2,2
4922-1/03,"Transporte rodoviário coletivo de passageiros, com itinerário fixo, internacional",,2,2
4923-0/01,Serviço de táxi,,2,2
4923-0/02,Serviço de transporte de passageiros - locação de automóveis com motorista,,2,2
4924-8/00,Transporte escolar,,2,2
4929-9/01,"Transporte rodoviário coletivo de passageiros, sob regime de fretamento, municipal",,2,2
4929-9/02,"Transporte rodoviário coletivo de passageiros, sob regime de fretamento, intermunicipal, interestadual e internacional",,2,2
4929-9/03,"Organização de excursões em veículos rodoviários próprios, municipal",,2,2
4929-9/04,"Organização de excursões em veículos rodoviários próprios, intermunicipal, interestadual e internacional",,2,2
4929-9/99,Outros transportes rodoviários de passageiros não especificados anteriormente,,2,2
4930-2/01,"Transporte rodoviário de carga, exceto produtos perigosos e mudanças, municipal",,2,2
4930-2/02,"Transporte rodoviário de carga, exceto produtos perigosos e mudanças, intermunicipal, interestadual e internacional",,2,2
4930-2/03,Transporte rodoviário de produtos perigosos,,2,2
4930-2/04,Transporte rodoviário de mudanças,,2,2
4940-0/00,Transporte dutoviário,,2,2
4950-7/00,"Trens turísticos, teleféricos e similares",,2,2
5011-4/01,Transporte marítimo de cabotagem - Carga,,2,2
5011-4/02,Transporte marítimo de cabotagem - Passageiros,,2,2
5012-2/01,Transporte marítimo de longo curso - Carga,,2,2
5012-2/02,Transporte marítimo de longo curso - Passageiros,,2,2
5021-1/01,"Transporte por navegação interior de carga, municipal, exceto travessia",,2,2
5021-1/02,"Transporte por navegação interior de carga, intermunicipal, interestadual e internacional, exceto travessia",,2,2
5022-0/01,"Transporte por navegação interior de passageiros em linhas regulares, municipal, exceto travessia",,2,2
5022-0/02,"Transporte por navegação interior de passageiros em linhas regulares, intermunicipal, interestadual e internacional, exceto travessia",,2,2
5030-1/01,Navegação de apoio marítimo,,2,2
5030-1/02,Navegação de apoio portuário,,2,2
5030-1/03,Serviço de rebocadores e empurradores,,2,2
5091-2/01,"Transporte por navegação de travessia, municipal",,2,2
5091-2/02,"Transporte por navegação de travessia, intermunicipal, interestadual e internacional",,2,2
5099-8/01,Transporte aquaviário para passeios turísticos,,2,2
5099-8/99,Outros transportes aquaviários não especificados anteriormente,,2,2
5111-1/00,Transporte aéreo de passageiros regular,,2,2
5112-9/01,Serviço de táxi aéreo e locação de aeronaves com tripulação,,2,2
5112-9/99,Outros serviços de transporte aéreo de passageiros não regular,,2,2
5120-0/00,Transporte aéreo de carga,,2,2
5130-7/00,Transporte espacial,,2,2
5211-7/01,Armazéns gerais - emissão de warrant,,2,2
5211-7/02,Guarda-móveis,,2,2
5211-7/99,"Depósitos de mercadorias para terceiros, exceto armazéns gerais e guarda-móveis",,2,2
5212-5/00,Carga e descarga,,2,2
5221-4/00,"Concessionárias de rodovias, pontes, túneis e serviços relacionados",,2,2
5222-2/00,Terminais rodoviários e ferroviários,,2,2
5223-1/00,Estacionamento de veículos,,2,2
5229-0/01,"Serviços de apoio ao transporte por táxi, inclusive centrais de chamada",,2,2
5229-0/02,Serviços de reboque de veículos,,2,2
5229-0/99,Outras atividades auxiliares dos transportes terrestres não especificadas anteriormente,,2,2
5231-1/01,Administração da infraestrutura portuária,,2,2
5231-1/02,Atividades do Operador Portuário,,2,2
5231-1/03,Gestão de terminais aquaviários,,2,2
5232-0/00,Atividades de agenciamento marítimo,,2,2
5239-7/01,Serviços de praticagem,,2,2
5239-7/99,Atividades auxiliares dos transportes aquaviários não especificadas anteriormente,,2,2
5240-1/01,Operação dos aeroportos e campos de aterrissagem,,2,2
5240-1/99,"Atividades auxiliares dos transportes aéreos, exceto operação dos aeroportos e campos de aterrissagem",,2,2
5250-8/01,Comissaria de despachos,,2,2
5250-8/02,Atividades de despachantes aduaneiros,,2,2
5250-8/03,"Agenciamento de cargas, exceto para o transporte marítimo",,2,2
5250-8/04,Organização logística do transporte de carga,,2,2
5250-8/05,Operador de transporte multimodal - OTM,,2,2
5310-5/01,Atividades do Correio Nacional,,2,2
5310-5/02,Atividades de franqueadas e permissionárias do Correio Nacional,,2,2
5320-2/01,Serviços de malote não realizados pelo Correio Nacional,,2,2
5320-2/02,Serviços de entrega rápida,,2,2
5510-8/01,Hotéis,,2,2
5510-8/02,Apart-hotéis,,2,2
5510-8/03,Motéis,,2,2
5590-6/01,"Albergues, exceto assistenciais",,2,2
5590-6/02,Campings,,2,2
5590-6/03,Pensões (alojamento),,2,2
5590-6/99,Outros alojamentos não especificados anteriormente,,2,2
5611-2/01,Restaurantes e similares,,2,2
5611-2/03,"Lanchonetes, casas de chá, de sucos e similares",,2,2
5611-2/04,"Bares e outros estabelecimentos especializados em servir bebidas, sem entretenimento",,2,2
5611-2/05,"Bares e outros estabelecimentos especializados em servir bebidas, com entretenimento",,2,2
5612-1/00,Serviços ambulantes de alimentação,,2,2
5620-1/01,Fornecimento de alimentos preparados preponderantemente para empresas,,2,2
5620-1/02,Serviços de alimentação para eventos e recepções - bufê,,2,2
5620-1/03,Cantinas - serviços de alimentação privativos,,2,2
5620-1/04,Fornecimento de alimentos preparados preponderantemente para consumo domiciliar,,2,2
5811-5/00,Edição de livros,,2,2
5812-3/01,Edição de jornais diários,,2,2
5812-3/02,Edição de jornais não diários,,2,2
5813-1/00,Edição de revistas,,2,2
5819-1/00,"Edição de cadastros, listas e outros produtos gráficos",,2,2
5821-2/00,Edição integrada à impressão de livros,,2,2
5822-1/01,Edição integrada à impressão de jornais diários,,2,2
5822-1/02,Edição integrada à impressão de jornais não diários,,2,2
5823-9/00,Edição integrada à impressão de revistas,,2,2
5829-8/00,"Edição integrada à impressão de cadastros, listas e outros produtos gráficos",,2,2
5911-1/01,Estúdios cinematográficos,,2,2
5911-1/02,Produção de filmes para publicidade,,2,2
5911-1/99,"Atividades de produção cinematográfica, de vídeos e de programas de televisão não especificadas anteriormente",,2,2
5912-0/01,Serviços de dublagem,,2,2
5912-0/02,Serviços de mixagem sonora em produção audiovisual,,2,2
5912-0/99,"Atividades de pós-produção cinematográfica, de vídeos e de programas de televisão não especificadas anteriormente",,2,2
5913-8/00,"Distribuição cinematográfica, de vídeo e de programas de televisão",,2,2
5914-6/00,Atividades de exibição cinematográfica,,2,2
5920-1/00,Atividades de gravação de som e de edição de música,,2,2
6010-1/00,Atividades de rádio,,2,2
6021-7/00,Atividades de televisão aberta,,2,2
6022-5/01,Programadoras,,2,2
6022-5/02,"Atividades relacionadas à televisão por assinatura, exceto programadoras",,2,2
6110-8/01,Serviços de telefonia fixa comutada - STFC,,2,2
6110-8/02,Serviços de redes de transporte de telecomunicações - SRTT,,2,2
6110-8/03,Serviços de comunicação multimídia - SCM,,2,2
6110-8/99,Serviços de telecomunicações por fio não especificados anteriormente,,2,2
6120-5/01,Telefonia móvel celular,,2,2
6120-5/02,Serviço móvel especializado - SME,,2,2
6120-5/99,Serviços de telecomunicações sem fio não especificados anteriormente,,2,2
6130-2/00,Telecomunicações por satélite,,2,2
6141-8/00,Operadoras de televisão por assinatura por cabo,,2,2
6142-6/00,Operadoras de televisão por assinatura por micro-ondas,,2,2
6143-4/00,Operadoras de televisão por assinatura por satélite,,2,2
6190-6/01,Provedores de acesso às redes de comunicações,,2,2
6190-6/02,Provedores de voz sobre protocolo Internet - VOIP,,2,2
6190-6/99,Outras atividades de telecomunicações não especificadas anteriormente,,2,2
6201-5/01,Desenvolvimento de programas de computador sob encomenda,,2,2
6201-5/02,Web desing,,2,2
6202-3/00,Desenvolvimento e licenciamento de programas de computador customizáveis,,2,2
6203-1/00,Desenvolvimento e licenciamento de programas de computador não customizáveis,,2,2
6204-0/00,Consultoria em tecnologia da informação,,2,2
6209-1/00,"Suporte técnico, manutenção e outros serviços em tecnologia da informação",,2,2
6311-9/00,"Tratamento de dados, provedores de serviços de aplicação e serviços de hospedagem na Internet",,2,2
6319-4/00,"Portais, provedores de conteúdo e outros serviços de informação na Internet",,2,2
6391-7/00,Agências de notícias,,2,2
6399-2/00,Outras atividades de prestação de serviços de informação não especificadas anteriormente,,2,2
6410-7/00,Banco Central,,2,2
6421-2/00,Bancos comerciais,,2,2
6422-1/00,"Bancos múltiplos, com carteira comercial",,2,2
6423-9/00,Caixas econômicas,,2,2
6424-7/01,Bancos cooperativos,,2,2
6424-7/02,Cooperativas centrais de crédito,,2,2
6424-7/03,Cooperativas de crédito mútuo,,2,2
6424-7/04,Cooperativas de crédito rural,,2,2
6431-0/00,"Bancos múltiplos, sem carteira comercial",,2,2
6432-8/00,Bancos de investimento,,2,2
6433-6/00,Bancos de desenvolvimento,,2,2
6434-4/00,Agências de fomento,,2,2
6435-2/01,Sociedades de crédito imobiliário,,2,2
6435-2/02,Associações de poupança e empréstimo,,2,2
6435-2/03,Companhias hipotecárias,,2,2
6436-1/00,"Sociedades de crédito, financiamento e investimento - financeiras",,2,2
6437-9/00,Sociedades de crédito ao microempreendedor,,2,2
6438-7/01,Bancos de câmbio,,2,2
6438-7/99,Outras instituições de intermediação não monetária não especificadas anteriormente,,2,2
6440-9/00,Arrendamento mercantil,,2,2
6450-6/00,Sociedades de capitalização,,2,2
6461-1/00,Holdings de instituições financeiras,,2,2
6462-0/00,Holdings de instituições não financeiras,,2,2
6463-8/00,"Outras sociedades de participação, exceto holdings",,2,2
6470-1/01,"Fundos de investimento, exceto previdenciários e imobiliários",,2,2
6470-1/02,Fundos de investimento previdenciários,,2,2
6470-1/03,Fundos de investimento imobiliários,,2,2
6491-3/00,Sociedades de fomento mercantil - factoring,,2,2
6492-1/00,Securitização de créditos,,2,2
6493-0/00,Administração de consórcios para aquisição de bens e direitos,,2,2
6499-9/01,Clubes de investimento,,2,2
6499-9/02,Sociedades de investimento,,2,2
6499-9/03,Fundo garantidor de crédito,,2,2
6499-9/04,Caixas de financiamento de corporações,,2,2
6499-9/05,Concessão de crédito pelas OSCIP,,2,2
6499-9/99,Outras atividades de serviços financeiros não especificadas anteriormente,,2,2
6511-1/01,Sociedade seguradora de seguros vida,,2,2
6511-1/02,Planos de auxílio-funeral,,2,2
6512-0/00,Sociedade seguradora de seguros não vida,,2,2
6520-1/00,Sociedade seguradora de seguros-saúde,,2,2
6530-8/00,Resseguros,,2,2
6541-3/00,Previdência complementar fechada,,2,2
6542-1/00,Previdência complementar aberta,,2,2
6550-2/00,Planos de saúde,,2,2
6611-8/01,Bolsa de valores,,2,2
6611-8/02,Bolsa de mercadorias,,2,2
6611-8/03,Bolsa de mercadorias e futuros,,2,2
6611-8/04,Administração de mercados de balcão organizados,,2,2
6612-6/01,Corretoras de títulos e valores mobiliários,,2,2
6612-6/02,Distribuidoras de títulos e valores mobiliários,,2,2
6612-6/03,Corretoras de câmbio,,2,2
6612-6/04,Corretoras de contratos de mercadorias,,2,2
6612-6/05,Agentes de investimentos em aplicações financeiras,,2,2
6613-4/00,Administração de cartões de crédito,,2,2
6619-3/01,Serviços de liquidação e custódia,,2,2
6619-3/02,Correspondentes de instituições financeiras,,2,2
6619-3/03,Representações de bancos estrangeiros,,2,2
6619-3/04,Caixas eletrônicos,,2,2
6619-3/05,Operadoras de cartões de débito,,2,2
6619-3/99,Outras atividades auxiliares dos serviços financeiros não especificadas anteriormente,,2,2
6621-5/01,Peritos e avaliadores de seguros,,2,2
6621-5/02,Auditoria e consultoria atuarial,,2,2
6622-3/00,"Corretores e agentes de seguros, de planos de previdência complementar e de saúde",,2,2
6629-1/00,"Atividades auxiliares dos seguros, da previdência complementar e dos planos de saúde não especificadas anteriormente",,2,2
6630-4/00,Atividades de administração de fundos por contrato ou comissão,,2,2
6810-2/01,Compra e venda de imóveis próprios,,2,2
6810-2/02,Aluguel de imóveis próprios,,2,2
6810-2/03,Loteamento de imóveis próprios,,2,2
6821-8/01,Corretagem na compra e venda e avaliação de imóveis,,2,2
6821-8/02,Corretagem no aluguel de imóveis,,2,2
6822-6/00,Gestão e administração da propriedade imobiliária,,2,2
6911-7/01,Serviços advocatícios,,2,2
6911-7/02,Atividades auxiliares da justiça,,2,2
6911-7/03,Agente de propriedade industrial,,2,2
6912-5/00,Cartórios,,2,2
6920-6/01,Atividades de contabilidade,,2,2
6920-6/02,Atividades de consultoria e auditoria contábil e tributária,,2,2
7020-4/00,"Atividades de consultoria em gestão empresarial, exceto consultoria técnica específica",,2,2
7111-1/00,Serviços de arquitetura,,2,2
7112-0/00,Serviços de engenharia,,2,2
7119-7/01,"Serviços de cartografia, topografia e geodésia",,2,2
7119-7/02,Atividades de estudos geológicos,,2,2
7119-7/03,Serviços de desenho técnico relacionados à arquitetura e engenharia,,2,2
7119-7/04,Serviços de perícia técnica relacionados à segurança do trabalho,,2,2
7119-7/99,Atividades técnicas relacionadas à engenharia e arquitetura não especificadas anteriormente,,2,2
7120-1/00,Testes e análises técnicas,,2,2
7210-0/00,Pesquisa e desenvolvimento experimental em ciências físicas e naturais,,2,2
7220-7/00,Pesquisa e desenvolvimento experimental em ciências sociais e humanas,,2,2
7311-4/00,Agências de publicidade,,2,2
7312-2/00,"Agenciamento de espaços para publicidade, exceto em veículos de comunicação",,2,2
7319-0/01,Criação de estandes para feiras e exposições,,2,2
7319-0/02,Promoção de vendas,,2,2
7319-0/03,Marketing direto,,2,2
7319-0/04,Consultoria em publicidade,,2,2
7319-0/99,Outras atividades de publicidade não especificadas anteriormente,,2,2
7320-3/00,Pesquisas de mercado e de opinião pública,,2,2
7410-2/02,Design de interiores,,2,2
7410-2/03,Desing de produto,,2,2
7410-2/99,Atividades de desing não especificadas anteriormente,,2,2
7420-0/01,"Atividades de produção de fotografias, exceto aérea e submarina",,2,2
7420-0/02,Atividades de produção de fotografias aéreas e submarinas,,2,2
7420-0/03,Laboratórios fotográficos,,2,2
7420-0/04,Filmagem de festas e eventos,,2,2
7420-0/05,Serviços de microfilmagem,,2,2
7490-1/01,"Serviços de tradução, interpretação e similares",,2,2
7490-1/02,Escafandria e mergulho,,2,2
7490-1/03,Serviços de agronomia e de consultoria às atividades agrícolas e pecuárias,,2,2
7490-1/04,"Atividades de intermediação e agenciamento de serviços e negócios em geral, exceto imobiliários",,2,2
7490-1/05,"Agenciamento de profissionais para atividades esportivas, culturais e artísticas",,2,2
7490-1/99,"Outras atividades profissionais, científicas e técnicas não especificadas anteriormente",,2,2
7500-1/00,Atividades veterinárias,,2,2
7711-0/00,Locação de automóveis sem condutor,,2,2
7719-5/01,"Locação de embarcações sem tripulação, exceto para fins
recreativos",,2,2
7719-5/02,Locação de aeronaves sem tripulação,,2,2
7719-5/99,"Locação de outros meios de transporte não especificados anteriormente, sem condutor",,2,2
7721-7/00,Aluguel de equipamentos recreativos e esportivos,,2,2
7722-5/00,"Aluguel de fitas de vídeo, DVDs e similares",,2,2
7723-3/00,"Aluguel de objetos do vestuário, jóias e acessórios",,2,2
7729-2/01,Aluguel de aparelhos de jogos eletrônicos,,2,2
7729-2/02,"Aluguel de móveis, utensílios e aparelhos de uso doméstico e pessoal; instrumentos musicais",,2,2
7729-2/03,Aluguel de material médico,,2,2
7729-2/99,Aluguel de outros objetos pessoais e domésticos não especificados anteriormente,,2,2
7731-4/00,Aluguel de máquinas e equipamentos agrícolas sem operador,,2,2
7732-2/01,"Aluguel de máquinas e equipamentos para construção sem operador, exceto andaimes",,2,2
7732-2/02,Aluguel de andaimes,,2,2
7733-1/00,Aluguel de máquinas e equipamentos para escritório,,2,2
7739-0/01,"Aluguel de máquinas e equipamentos para extração de minérios e petróleo, sem operador",,2,2
7739-0/02,"Aluguel de equipamentos científicos, médicos e hospitalares, sem operador",,2,2
7739-0/03,"Aluguel de palcos, coberturas e outras estruturas de uso temporário, exceto andaimes",,2,2
7739-0/99,"Aluguel de outras máquinas e equipamentos comerciais e industriais não especificados anteriormente, sem operador",,2,2
7740-3/00,Gestão de ativos intangíveis não financeiros,,2,2
7810-8/00,Seleção e agenciamento de mão de obra,,2,2
7820-5/00,Locação de mão de obra temporária,,2,2
7830-2/00,Fornecimento e gestão de recursos humanos para terceiros,,2,2
7911-2/00,Agências de viagens,,2,2
7912-1/00,Operadores turísticos,,2,2
7990-2/00,Serviços de reservas e outros serviços de turismo não especificados anteriormente,,2,2
8011-1/01,Atividades de vigilância e segurança privada,,2,2
8011-1/02,Serviços de adestramento de cães de guarda,,2,2
8012-9/00,Atividades de transporte de valores,,2,2
8020-0/01,Atividades de monitoramento de sistemas de segurança eletrônico,,2,2
8020-0/02,Outras atividades de serviços de segurança,,2,2
8030-7/00,Atividades de investigação particular,,2,2
8111-7/00,"Serviços combinados para apoio a edifícios, exceto condomínios prediais",,2,2
8112-5/00,Condomínios prediais,,2,2
8121-4/00,Limpeza em prédios e em domicílios,,2,2
8122-2/00,Imunização e controle de pragas urbanas,,2,2
8129-0/00,Atividades de limpeza não especificadas anteriormente,,2,2
8130-3/00,Atividades paisagísticas,,2,2
8211-3/00,Serviços combinados de escritório e apoio administrativo,,2,2
8219-9/01,Fotocópias,,2,2
8219-9/99,Preparação de documentos e serviços especializados de apoio administrativo não especificados anteriormente,,2,2
8220-2/00,Atividades de teleatendimento,,2,2
8230-0/01,"Serviços de organização de feiras, congressos, exposições e festas",,2,2
8230-0/02,Casas de festas e eventos,,2,2
8291-1/00,Atividades de cobrança e informações cadastrais,,2,2
8292-0/00,Envasamento e empacotamento sob contrato,,2,2
8299-7/01,"Medição de consumo de energia elétrica, gás e água",,2,2
8299-7/02,"Emissão de vales-alimentação, vales-transporte e similares",,2,2
8299-7/03,"Serviços de gravação de carimbos, exceto confecção",,2,2
8299-7/04,Leiloeiros independentes,,2,2
8299-7/05,Serviços de levantamento de fundos sob contrato,,2,2
8299-7/06,Casas lotéricas,,2,2
8299-7/07,Salas de acesso à Internet,,2,2
8299-7/99,Outras atividades de serviços prestados principalmente às empresas não especificadas anteriormente,,2,2
8411-6/00,Administração pública em geral,,2,2
8412-4/00,"Regulação das atividades de saúde, educação, serviços culturais e outros serviços sociais",,2,2
8413-2/00,Regulação das atividades econômicas,,2,2
8421-3/00,Relações exteriores,,2,2
8422-1/00,Defesa,,2,2
8423-0/00,Justiça,,2,2
8424-8/00,Segurança e ordem pública,,2,2
8425-6/00,Defesa Civil,,2,2
8430-2/00,Seguridade social obrigatória,,2,2
8511-2/00,Educação infantil - creche,,2,2
8512-1/00,Educação infantil - pré-escola,,2,2
8513-9/00,Ensino fundamental,,2,2
8520-1/00,Ensino médio,,2,2
8531-7/00,Educação superior - graduação,,2,2
8532-5/00,Educação superior - graduação e pós-graduação,,2,2
8533-3/00,Educação superior - pós-graduação e extensão,,2,2
8541-4/00,Educação profissional de nível técnico,,2,2
8542-2/00,Educação profissional de nível tecnológico,,2,2
8550-3/01,Administração de caixas escolares,,2,2
8550-3/02,"Atividades de apoio à educação, exceto caixas escolares",,2,2
8591-1/00,Ensino de esportes,,2,2
8592-9/01,Ensino de dança,,2,2
8592-9/02,"Ensino de artes cênicas, exceto dança",,2,2
8592-9/03,Ensino de música,,2,2
8592-9/99,Ensino de arte e cultura não especificado anteriormente,,2,2
8593-7/00,Ensino de idiomas,,2,2
8599-6/01,Formação de condutores,,2,2
8599-6/02,Cursos de pilotagem,,2,2
8599-6/03,Treinamento em informática,,2,2
8599-6/04,Treinamento em desenvolvimento profissional e gerencial,,2,2
8599-6/05,Cursos preparatórios para concursos,,2,2
8599-6/99,Outras atividades de ensino não especificadas anteriormente,,2,2
8610-1/01,"Atividades de atendimento hospitalar, exceto pronto-socorro e unidades para atendimento a urgências",,2,2
8610-1/02,Atividades de atendimento em pronto-socorro e unidades hospitalares para atendimento a urgências,,2,2
8621-6/01,UTI móvel,,2,2
8621-6/02,"Serviços móveis de atendimento a urgências, exceto por UTI móvel",,2,2
8622-4/00,"Serviços de remoção de pacientes, exceto os serviços móveis de atendimento a urgências",,2,2
8630-5/01,Atividade médica ambulatorial com recursos para realização de procedimentos cirúrgicos,,2,2
8630-5/02,Atividade médica ambulatorial com recursos para realização de exames complementares,,2,2
8630-5/03,Atividade médica ambulatorial restrita a consultas,,2,2
8630-5/04,Atividade odontológica,,2,2
8630-5/06,Serviços de vacinação e imunização humana,,2,2
8630-5/07,Atividades de reprodução humana assistida,,2,2
8630-5/99,Atividades de atenção ambulatorial não especificadas anteriormente,,2,2
8640-2/01,Laboratórios de anatomia patológica e citológica,,2,2
8640-2/02,Laboratórios clínicos,,2,2
8640-2/03,Serviços de diálise e nefrologia,,2,2
8640-2/04,Serviços de tomografia,,2,2
8640-2/05,"Serviços de diagnóstico por imagem com uso de radiação ionizante, exceto tomografia",,2,2
8640-2/06,Serviços de ressonância magnética,,2,2
8640-2/07,"Serviços de diagnóstico por imagem sem uso de radiação ionizante, exceto ressonância magnética",,2,2
8640-2/08,"Serviços de diagnóstico por registro gráfico - ECG, EEG e outros exames análogos",,2,2
8640-2/09,Serviços de diagnóstico por métodos ópticos - endoscopia e outros exames análogos,,2,2
8640-2/10,Serviços de quimioterapia,,2,2
8640-2/11,Serviços de radioterapia,,2,2
8640-2/12,Serviços de hemoterapia,,2,2
8640-2/13,Serviços de litotripsia,,2,2
8640-2/14,Serviços de bancos de células e tecidos humanos,,2,2
8640-2/99,Atividades de serviços de complementação diagnóstica e terapêutica não especificadas anteriormente,,2,2
8650-0/01,Atividades de enfermagem,,2,2
8650-0/02,Atividades de profissionais da nutrição,,2,2
8650-0/03,Atividades de psicologia e psicanálise,,2,2
8650-0/04,Atividades de fisioterapia,,2,2
8650-0/05,Atividades de terapia ocupacional,,2,2
8650-0/06,Atividades de fonoaudiologia,,2,2
8650-0/07,Atividades de terapia de nutrição enteral e parenteral,,2,2
8650-0/99,Atividades de profissionais da área de saúde não especificadas anteriormente,,2,2
8660-7/00,Atividades de apoio à gestão de saúde,,2,2
8690-9/01,Atividades de práticas integrativas e complementares em saúde humana,,2,2
8690-9/02,Atividades de bancos de leite humano,,2,2
8690-9/03,Atividades de acupuntura,,2,2
8690-9/04,Atividades de podologia,,2,2
8690-9/99,Outras atividades de atenção à saúde humana não especificadas anteriormente,,2,2
8711-5/01,Clínicas e residências geriátricas,,2,2
8711-5/02,Instituições de longa permanência para idosos,,2,2
8711-5/03,"Atividades de assistência a deficientes físicos, imunodeprimidos e convalescentes",,2,2
8711-5/04,Centros de apoio a pacientes com câncer e com AIDS,,2,2
8711-5/05,Condomínios residenciais para idosos,,2,2
8712-3/00,Atividades de fornecimento de infraestrutura de apoio e assistência a paciente no domicílio,,2,2
8720-4/01,Atividades de centros de assistência psicossocial,,2,2
8720-4/99,"Atividades de assistência psicossocial e à saúde a portadores de distúrbios psíquicos, deficiência mental e dependência química e grupos similares não especificadas anteriormente",,2,2
8730-1/01,Orfanatos,,2,2
8730-1/02,Albergues assistenciais,,2,2
8730-1/99,Atividades de assistência social prestadas em residências coletivas e particulares não especificadas anteriormente,,2,2
8800-6/00,Serviços de assistência social sem alojamento,,2,2
9001-9/01,Produção teatral,,2,2
9001-9/02,Produção musical,,2,2
9001-9/03,Produção de espetáculos de dança,,2,2
9001-9/04,"Produção de espetáculos circenses, de marionetes e similares",,2,2
9001-9/05,"Produção de espetáculos de rodeios, vaquejadas e similares",,2,2
9001-9/06,Atividades de sonorização e de iluminação,,2,2
9001-9/99,"Artes cênicas, espetáculos e atividades complementares não especificados anteriormente",,2,2
9002-7/01,"Atividades de artistas plásticos, jornalistas independentes e
escritores",,2,2
9002-7/02,Restauração de obras de arte,,2,2
9003-5/00,"Gestão de espaços para artes cênicas, espetáculos e outras atividades artísticas",,2,2
9101-5/00,Atividades de bibliotecas e arquivos,,2,2
9102-3/01,Atividades de museus e de exploração de lugares e prédios históricos e atrações similares,,2,2
9102-3/02,Restauração e conservação de lugares e prédios históricos,,2,2
9103-1/00,"Atividades de jardins botânicos, zoológicos, parques nacionais, reservas ecológicas e áreas de proteção ambiental",,2,2
9200-3/01,Casas de bingo,,2,2
9200-3/02,Exploração de apostas em corridas de cavalos,,2,2
9200-3/99,Exploração de jogos de azar e apostas não especificados anteriormente,,2,2
9311-5/00,Gestão de instalações de esportes,,2,2
9312-3/00,"Clubes sociais, esportivos e similares",,2,2
9313-1/00,Atividades de condicionamento físico,,2,2
9319-1/01,Produção e promoção de eventos esportivos,,2,2
9319-1/99,Outras atividades esportivas não especificadas anteriormente,,2,2
9321-2/00,Parques de diversão e parques temáticos,,2,2
9329-8/01,"Discotecas, danceterias, salões de dança e similares",,2,2
9329-8/02,Exploração de boliches,,2,2
9329-8/03,"Exploração de jogos de sinuca, bilhar e similares",,2,2
9329-8/04,Exploração de jogos eletrônicos recreativos,,2,2
9329-8/99,Outras atividades de recreação e lazer não especificadas anteriormente,,2,2
9411-1/00,Atividades de organizações associativas patronais e empresariais,,2,2
9412-0/01,Atividades de fiscalização profissional,,2,2
9412-0/99,Outras atividades associativas profissionais,,2,2
9420-1/00,Atividades de organizações sindicais,,2,2
9430-8/00,Atividades de associações de defesa de direitos sociais,,2,2
9491-0/00,Atividades de organizações religiosas ou filosóficas,,2,2
9492-8/00,Atividades de organizações políticas,,2,2
9493-6/00,Atividades de organizações associativas ligadas à cultura e à arte,,2,2
9499-5/00,Atividades associativas não especificadas anteriormente,,2,2
9511-8/00,Reparação e manutenção de computadores e de equipamentos periféricos,,2,2
9512-6/00,Reparação e manutenção de equipamentos de comunicação,,2,2
9521-5/00,Reparação e manutenção de equipamentos eletroeletrônicos de uso pessoal e doméstico,,2,2
9529-1/01,"Reparação de calçados, bolsas e artigos de viagem",,2,2
9529-1/02,Chaveiros,,2,2
9529-1/03,Reparação de relógios,,2,2
9529-1/04,"Reparação de bicicletas, triciclos e outros veículos não motorizados",,2,2
9529-1/05,Reparação de artigos do mobiliário,,2,2
9529-1/06,Reparação de jóias,,2,2
9529-1/99,Reparação e manutenção de outros objetos e equipamentos pessoais e domésticos não especificados anteriormente,,2,2
9601-7/01,Lavanderias,,2,2
9601-7/02,Tinturarias,,2,2
9601-7/03,Toalheiros,,2,2
9602-5/01,"Cabeleireiros, manicure e pedicure",,2,2
9602-5/02,Atividades de estética e outros serviços de cuidados com a beleza,,2,2
9603-3/01,Gestão e manutenção de cemitérios,,2,2
9603-3/02,Serviços de cremação,,2,2
9603-3/03,Serviços de sepultamento,,2,2
9603-3/04,Serviços de funerárias,,2,2
9603-3/05,Serviços de somatoconservação,,2,2
9603-3/99,Atividades funerárias e serviços relacionados não especificados anteriormente,,2,2
9609-2/02,Agências matrimoniais,,2,2
9609-2/04,Exploração de máquinas de serviços pessoais acionadas por moeda,,2,2
9609-2/05,Atividades de sauna e banhos,,2,2
9609-2/06,Serviços de tatuagem e colocação de piercing,,2,2
9609-2/07,Alojamento de animais domésticos,,2,2
9609-2/08,Higiene e embelezamento de animais domésticos,,2,2
9609-2/99,Outras atividades de serviços pessoais não especificadas anteriormente,,2,2
9700-5/00,Serviços domésticos,,2,2
